/*
Navicat MySQL Data Transfer

Source Server         : localhost
Source Server Version : 50716
Source Host           : localhost:3306
Source Database       : xaiboot_lite

Target Server Type    : MYSQL
Target Server Version : 50716
File Encoding         : 65001

Date: 2020-10-09 10:40:14
*/

SET FOREIGN_KEY_CHECKS=0;

-- ----------------------------
-- Table structure for faceeffects_merge_template
-- ----------------------------
DROP TABLE IF EXISTS `faceeffects_merge_template`;
CREATE TABLE `faceeffects_merge_template` (
  `id` varchar(32) NOT NULL COMMENT '主键ID',
  `template_name` varchar(255) DEFAULT NULL COMMENT '模板图名称',
  `template_url` varchar(255) DEFAULT NULL COMMENT '模板图地址',
  `online_status` int(11) DEFAULT '0' COMMENT '上线状态',
  `img_name` varchar(255) DEFAULT NULL COMMENT '图片名称',
  `remark` varchar(255) DEFAULT NULL COMMENT '备注',
  `create_by` varchar(32) DEFAULT NULL COMMENT '创建人登录名称',
  `create_time` datetime DEFAULT NULL COMMENT '创建日期',
  `update_by` varchar(32) DEFAULT NULL COMMENT '更新人登录名称',
  `update_time` datetime DEFAULT NULL COMMENT '更新日期',
  PRIMARY KEY (`id`)
) ENGINE=InnoDB DEFAULT CHARSET=utf8 COMMENT='人脸融合模板图表';

-- ----------------------------
-- Records of faceeffects_merge_template
-- ----------------------------

-- ----------------------------
-- Table structure for faceeffects_transfer_template
-- ----------------------------
DROP TABLE IF EXISTS `faceeffects_transfer_template`;
CREATE TABLE `faceeffects_transfer_template` (
  `id` varchar(32) NOT NULL COMMENT '主键ID',
  `template_name` varchar(255) DEFAULT NULL COMMENT '模板图名称',
  `template_url` varchar(255) DEFAULT NULL COMMENT '模板图地址',
  `template_type` varchar(255) DEFAULT NULL COMMENT '模板图分类名称',
  `img_name` varchar(255) DEFAULT NULL COMMENT '图片名称',
  `online_status` int(11) DEFAULT '0' COMMENT '上线状态',
  `remark` varchar(255) DEFAULT NULL COMMENT '备注',
  `create_by` varchar(32) DEFAULT NULL COMMENT '创建人登录名称',
  `create_time` datetime DEFAULT NULL COMMENT '创建日期',
  `update_by` varchar(32) DEFAULT NULL COMMENT '更新人登录名称',
  `update_time` datetime DEFAULT NULL COMMENT '更新日期',
  PRIMARY KEY (`id`)
) ENGINE=InnoDB DEFAULT CHARSET=utf8 COMMENT='虚拟换妆模板图表';

-- ----------------------------
-- Records of faceeffects_transfer_template
-- ----------------------------

-- ----------------------------
-- Table structure for imageclassify_logo_examine_record
-- ----------------------------
DROP TABLE IF EXISTS `imageclassify_logo_examine_record`;
CREATE TABLE `imageclassify_logo_examine_record` (
  `id` varchar(32) NOT NULL COMMENT '主键',
  `logo_url` varchar(500) DEFAULT NULL COMMENT '图片OSS路径',
  `logo_name` varchar(255) DEFAULT NULL COMMENT 'LOGO名称',
  `logo_code` varchar(100) DEFAULT NULL COMMENT 'LOGO编号系统生成',
  `cont_sign_add` varchar(100) DEFAULT NULL COMMENT '添加接口返回的标识',
  `cont_sign_del` varchar(100) DEFAULT NULL COMMENT '删除返回的标识',
  `user_id` varchar(100) DEFAULT NULL COMMENT '用户系统ID',
  `examin_status` int(11) DEFAULT '0' COMMENT '审核状态 0待审核 1审核通过 2审核失败',
  `logo_status` int(11) DEFAULT '0' COMMENT '0待上传 1上传到图库 2拒绝上传',
  `create_by` varchar(64) DEFAULT '' COMMENT '创建者',
  `create_time` datetime DEFAULT NULL COMMENT '创建时间',
  `update_by` varchar(64) DEFAULT '' COMMENT '更新者',
  `update_time` datetime DEFAULT NULL COMMENT '更新时间',
  `remark` varchar(500) DEFAULT '' COMMENT '备注',
  PRIMARY KEY (`id`)
) ENGINE=InnoDB DEFAULT CHARSET=utf8 COMMENT='LOGO自定义上传审核记录表';


-- ----------------------------
-- Table structure for liteuser_info
-- ----------------------------
DROP TABLE IF EXISTS `liteuser_info`;
CREATE TABLE `liteuser_info` (
  `id` varchar(32) NOT NULL COMMENT '主键ID',
  `user_id` varchar(50) DEFAULT NULL COMMENT '用户ID 系统生成的',
  `nick_name` varchar(255) DEFAULT NULL COMMENT '用户昵称',
  `gender` varchar(255) DEFAULT NULL COMMENT '用户性别',
  `language` varchar(255) DEFAULT NULL COMMENT '用户语言',
  `city` varchar(255) DEFAULT NULL COMMENT '用户所在城市',
  `province` varchar(255) DEFAULT NULL COMMENT '用户所在省份',
  `country` varchar(255) DEFAULT NULL COMMENT '用户所在国家',
  `avatar_url` varchar(255) DEFAULT NULL COMMENT '用户头像地址',
  `openid` varchar(255) DEFAULT NULL COMMENT '用户openid 针对于小程序是唯一标识 微信会有',
  `frequency` int(11) DEFAULT NULL COMMENT '用户可用次数',
  `first_date` datetime DEFAULT NULL COMMENT '用户第一次授权时间',
  `visit_date` datetime DEFAULT NULL COMMENT '用户第一次访问时间',
  `update_date` datetime DEFAULT NULL COMMENT '用户信息更新时间',
  `level` varchar(255) DEFAULT NULL COMMENT '用户等级',
  `days` int(11) DEFAULT '0' COMMENT '用户第一次访问时间到现在的天数 每天定时更新',
  `wx_account` varchar(255) DEFAULT NULL COMMENT '用户微信账号',
  `phone_num` varchar(255) DEFAULT NULL COMMENT '用户手机账号',
  `age` int(11) DEFAULT NULL COMMENT '用户年龄',
  `integral` int(11) DEFAULT '0' COMMENT '用户积分 默认0',
  `update_user` varchar(255) DEFAULT NULL COMMENT '用户信息更新者名称',
  `user_type` int(11) DEFAULT NULL COMMENT '用户类型 1微信小程序 2支付宝小程序 3QQ小程序 4百度小程序  ',
  `account_code` varchar(255) DEFAULT NULL COMMENT '公众号编码',
  `create_by` varchar(32) DEFAULT NULL COMMENT '创建人',
  `create_time` datetime DEFAULT NULL COMMENT '创建时间',
  `update_by` varchar(32) DEFAULT NULL COMMENT '更新人',
  `update_time` datetime DEFAULT NULL COMMENT '更新时间',
  PRIMARY KEY (`id`)
) ENGINE=InnoDB DEFAULT CHARSET=utf8 COMMENT='微信用户信息表';

-- ----------------------------
-- Table structure for lite_api_log
-- ----------------------------
DROP TABLE IF EXISTS `lite_api_log`;
CREATE TABLE `lite_api_log` (
  `id` varchar(32) NOT NULL COMMENT '主键id',
  `client_name` text COMMENT '客户端设备类型',
  `log_id` varchar(255) DEFAULT NULL COMMENT '日志ID',
  `request_ip` varchar(255) DEFAULT NULL COMMENT '请求的IP',
  `request_url` varchar(255) DEFAULT NULL COMMENT '请求的URL',
  `request_param` longtext COMMENT '请求的参数',
  `response_text` longtext COMMENT '接口返回的内容',
  `log_type` int(11) DEFAULT NULL COMMENT '日志接口类型',
  `time_consuming` varchar(255) DEFAULT NULL COMMENT '耗时(ms)',
  `error_msg` longtext COMMENT '异常信息',
  `user_id` varchar(255) DEFAULT NULL COMMENT '用户ID',
  `create_by` varchar(32) DEFAULT 'system' COMMENT '创建人',
  `create_time` datetime DEFAULT NULL COMMENT '创建时间',
  PRIMARY KEY (`id`)
) ENGINE=InnoDB DEFAULT CHARSET=utf8 COMMENT='API日志表';

-- ----------------------------
-- Records of lite_api_log
-- ----------------------------

-- ----------------------------
-- Table structure for lite_config_copywrite
-- ----------------------------
DROP TABLE IF EXISTS `lite_config_copywrite`;
CREATE TABLE `lite_config_copywrite` (
  `id` varchar(32) NOT NULL COMMENT '主键ID',
  `above_text` varchar(255) DEFAULT NULL COMMENT '上刷新内容',
  `below_text` varchar(255) DEFAULT NULL COMMENT '下刷新内容',
  `is_enable` int(11) DEFAULT '0' COMMENT '是否可用 1不可用 0可用',
  `create_by` varchar(64) DEFAULT '' COMMENT '创建者',
  `create_time` datetime DEFAULT NULL COMMENT '创建时间',
  `update_by` varchar(64) DEFAULT '' COMMENT '更新者',
  `update_time` datetime DEFAULT NULL COMMENT '更新时间',
  PRIMARY KEY (`id`)
) ENGINE=InnoDB DEFAULT CHARSET=utf8 COMMENT='刷新文案';

-- ----------------------------
-- Records of lite_config_copywrite
-- ----------------------------

-- ----------------------------
-- Table structure for lite_config_nav
-- ----------------------------
DROP TABLE IF EXISTS `lite_config_nav`;
CREATE TABLE `lite_config_nav` (
  `id` varchar(32) NOT NULL,
  `nav_name` varchar(255) DEFAULT NULL COMMENT '导航名称',
  `nav_letter` varchar(255) DEFAULT NULL COMMENT '菜单拼音|英文',
  `icon_name` varchar(255) DEFAULT NULL COMMENT '图标名称',
  `h5_url` varchar(255) DEFAULT NULL COMMENT '跳转URL',
  `lite_url` varchar(255) DEFAULT NULL COMMENT '小程序跳转路由',
  `img_path` varchar(255) DEFAULT NULL COMMENT '图片本地路径',
  `img_url` varchar(255) DEFAULT NULL COMMENT '图片外网访问路径',
  `sort_id` int(11) DEFAULT NULL COMMENT '排序ID',
  `is_show` int(11) DEFAULT '0' COMMENT '是否显示',
  `create_by` varchar(32) DEFAULT NULL COMMENT '创建人',
  `create_time` datetime DEFAULT NULL COMMENT '创建日期',
  `update_by` varchar(32) DEFAULT NULL COMMENT '更新人',
  `update_time` datetime DEFAULT NULL COMMENT '更新日期',
  PRIMARY KEY (`id`)
) ENGINE=InnoDB DEFAULT CHARSET=utf8 COMMENT='手机端首页导航数据表';

-- ----------------------------
-- Records of lite_config_nav
-- ----------------------------

-- ----------------------------
-- Table structure for lite_config_rollnews
-- ----------------------------
DROP TABLE IF EXISTS `lite_config_rollnews`;
CREATE TABLE `lite_config_rollnews` (
  `id` varchar(32) NOT NULL,
  `scroll_text` varchar(255) DEFAULT NULL COMMENT '滚动文本',
  `h5_url` varchar(255) DEFAULT NULL COMMENT '跳转URL',
  `lite_url` varchar(255) DEFAULT NULL COMMENT '小程序跳转路由',
  `sort_id` int(11) DEFAULT NULL COMMENT '排序ID',
  `is_show` int(11) DEFAULT '0' COMMENT '是否显示',
  `create_by` varchar(32) DEFAULT NULL COMMENT '创建人',
  `create_time` datetime DEFAULT NULL COMMENT '创建日期',
  `update_by` varchar(32) DEFAULT NULL COMMENT '更新人',
  `update_time` datetime DEFAULT NULL COMMENT '更新日期',
  PRIMARY KEY (`id`)
) ENGINE=InnoDB DEFAULT CHARSET=utf8 COMMENT='手机端首页滚动新闻';

-- ----------------------------
-- Records of lite_config_rollnews
-- ----------------------------

-- ----------------------------
-- Table structure for lite_config_slide
-- ----------------------------
DROP TABLE IF EXISTS `lite_config_slide`;
CREATE TABLE `lite_config_slide` (
  `id` varchar(32) NOT NULL,
  `silde_name` varchar(255) DEFAULT NULL COMMENT '标题',
  `h5_url` varchar(255) DEFAULT NULL COMMENT '跳转URL',
  `lite_url` varchar(255) DEFAULT NULL COMMENT '小程序跳转路由',
  `img_path` varchar(255) DEFAULT NULL COMMENT '图片本地路径',
  `img_url` varchar(255) DEFAULT NULL COMMENT '图片外网访问路径',
  `sort_id` int(11) DEFAULT NULL COMMENT '排序ID',
  `is_show` int(11) DEFAULT '0' COMMENT '是否显示',
  `create_by` varchar(32) DEFAULT NULL COMMENT '创建人',
  `create_time` datetime DEFAULT NULL COMMENT '创建日期',
  `update_by` varchar(32) DEFAULT NULL COMMENT '更新人',
  `update_time` datetime DEFAULT NULL COMMENT '更新日期',
  PRIMARY KEY (`id`)
) ENGINE=InnoDB DEFAULT CHARSET=utf8 COMMENT='手机端首页轮播图数据表';

-- ----------------------------
-- Records of lite_config_slide
-- ----------------------------

-- ----------------------------
-- Table structure for oss_file
-- ----------------------------
DROP TABLE IF EXISTS `oss_file`;
CREATE TABLE `oss_file` (
  `id` varchar(32) NOT NULL COMMENT '主键id',
  `file_name` varchar(255) DEFAULT NULL COMMENT '文件名称',
  `url` varchar(255) DEFAULT NULL COMMENT '文件地址',
  `create_by` varchar(32) DEFAULT NULL COMMENT '创建人登录名称',
  `create_time` datetime DEFAULT NULL COMMENT '创建日期',
  `update_by` varchar(32) DEFAULT NULL COMMENT '更新人登录名称',
  `update_time` datetime DEFAULT NULL COMMENT '更新日期',
  PRIMARY KEY (`id`) USING BTREE
) ENGINE=InnoDB DEFAULT CHARSET=utf8 ROW_FORMAT=DYNAMIC COMMENT='Oss File';

-- ----------------------------
-- Records of oss_file
-- ----------------------------

-- ----------------------------
-- Table structure for qrtz_blob_triggers
-- ----------------------------
DROP TABLE IF EXISTS `qrtz_blob_triggers`;
CREATE TABLE `qrtz_blob_triggers` (
  `SCHED_NAME` varchar(120) NOT NULL,
  `TRIGGER_NAME` varchar(200) NOT NULL,
  `TRIGGER_GROUP` varchar(200) NOT NULL,
  `BLOB_DATA` blob,
  PRIMARY KEY (`SCHED_NAME`,`TRIGGER_NAME`,`TRIGGER_GROUP`) USING BTREE,
  CONSTRAINT `qrtz_blob_triggers_ibfk_1` FOREIGN KEY (`SCHED_NAME`, `TRIGGER_NAME`, `TRIGGER_GROUP`) REFERENCES `qrtz_triggers` (`SCHED_NAME`, `TRIGGER_NAME`, `TRIGGER_GROUP`)
) ENGINE=InnoDB DEFAULT CHARSET=utf8 ROW_FORMAT=DYNAMIC COMMENT='InnoDB free: 504832 kB; (`SCHED_NAME` `TRIGGER_NAME` `TRIGGE';

-- ----------------------------
-- Records of qrtz_blob_triggers
-- ----------------------------

-- ----------------------------
-- Table structure for qrtz_calendars
-- ----------------------------
DROP TABLE IF EXISTS `qrtz_calendars`;
CREATE TABLE `qrtz_calendars` (
  `SCHED_NAME` varchar(120) NOT NULL,
  `CALENDAR_NAME` varchar(200) NOT NULL,
  `CALENDAR` blob NOT NULL,
  PRIMARY KEY (`SCHED_NAME`,`CALENDAR_NAME`) USING BTREE
) ENGINE=InnoDB DEFAULT CHARSET=utf8 ROW_FORMAT=DYNAMIC;

-- ----------------------------
-- Records of qrtz_calendars
-- ----------------------------

-- ----------------------------
-- Table structure for qrtz_cron_triggers
-- ----------------------------
DROP TABLE IF EXISTS `qrtz_cron_triggers`;
CREATE TABLE `qrtz_cron_triggers` (
  `SCHED_NAME` varchar(120) NOT NULL,
  `TRIGGER_NAME` varchar(200) NOT NULL,
  `TRIGGER_GROUP` varchar(200) NOT NULL,
  `CRON_EXPRESSION` varchar(200) NOT NULL,
  `TIME_ZONE_ID` varchar(80) DEFAULT NULL,
  PRIMARY KEY (`SCHED_NAME`,`TRIGGER_NAME`,`TRIGGER_GROUP`) USING BTREE,
  CONSTRAINT `qrtz_cron_triggers_ibfk_1` FOREIGN KEY (`SCHED_NAME`, `TRIGGER_NAME`, `TRIGGER_GROUP`) REFERENCES `qrtz_triggers` (`SCHED_NAME`, `TRIGGER_NAME`, `TRIGGER_GROUP`)
) ENGINE=InnoDB DEFAULT CHARSET=utf8 ROW_FORMAT=DYNAMIC COMMENT='InnoDB free: 504832 kB; (`SCHED_NAME` `TRIGGER_NAME` `TRIGGE';

-- ----------------------------
-- Records of qrtz_cron_triggers
-- ----------------------------
INSERT INTO `qrtz_cron_triggers` VALUES ('quartzScheduler', 'cn.ydxiaoshuai.modules.quartz.job.LiteApiLogJob', 'DEFAULT', '0/10 * * * * ? *', 'Asia/Shanghai');
INSERT INTO `qrtz_cron_triggers` VALUES ('quartzScheduler', 'cn.ydxiaoshuai.modules.quartz.job.LiteUserJob', 'DEFAULT', '0 0 1 * * ? *', 'Asia/Shanghai');
INSERT INTO `qrtz_cron_triggers` VALUES ('quartzScheduler', 'cn.ydxiaoshuai.modules.quartz.job.ToutiaoJob', 'DEFAULT', '0 0 0/2 * * ? *', 'Asia/Shanghai');
INSERT INTO `qrtz_cron_triggers` VALUES ('quartzScheduler', 'cn.ydxiaoshuai.modules.quartz.job.WeiXinAccessTokenJob', 'DEFAULT', '0 0 0/2 * * ? *', 'Asia/Shanghai');

-- ----------------------------
-- Table structure for qrtz_fired_triggers
-- ----------------------------
DROP TABLE IF EXISTS `qrtz_fired_triggers`;
CREATE TABLE `qrtz_fired_triggers` (
  `SCHED_NAME` varchar(120) NOT NULL,
  `ENTRY_ID` varchar(95) NOT NULL,
  `TRIGGER_NAME` varchar(200) NOT NULL,
  `TRIGGER_GROUP` varchar(200) NOT NULL,
  `INSTANCE_NAME` varchar(200) NOT NULL,
  `FIRED_TIME` bigint(13) NOT NULL,
  `SCHED_TIME` bigint(13) NOT NULL,
  `PRIORITY` int(11) NOT NULL,
  `STATE` varchar(16) NOT NULL,
  `JOB_NAME` varchar(200) DEFAULT NULL,
  `JOB_GROUP` varchar(200) DEFAULT NULL,
  `IS_NONCONCURRENT` varchar(1) DEFAULT NULL,
  `REQUESTS_RECOVERY` varchar(1) DEFAULT NULL,
  PRIMARY KEY (`SCHED_NAME`,`ENTRY_ID`) USING BTREE
) ENGINE=InnoDB DEFAULT CHARSET=utf8 ROW_FORMAT=DYNAMIC;

-- ----------------------------
-- Records of qrtz_fired_triggers
-- ----------------------------

-- ----------------------------
-- Table structure for qrtz_job_details
-- ----------------------------
DROP TABLE IF EXISTS `qrtz_job_details`;
CREATE TABLE `qrtz_job_details` (
  `SCHED_NAME` varchar(120) NOT NULL,
  `JOB_NAME` varchar(200) NOT NULL,
  `JOB_GROUP` varchar(200) NOT NULL,
  `DESCRIPTION` varchar(250) DEFAULT NULL,
  `JOB_CLASS_NAME` varchar(250) NOT NULL,
  `IS_DURABLE` varchar(1) NOT NULL,
  `IS_NONCONCURRENT` varchar(1) NOT NULL,
  `IS_UPDATE_DATA` varchar(1) NOT NULL,
  `REQUESTS_RECOVERY` varchar(1) NOT NULL,
  `JOB_DATA` blob,
  PRIMARY KEY (`SCHED_NAME`,`JOB_NAME`,`JOB_GROUP`) USING BTREE
) ENGINE=InnoDB DEFAULT CHARSET=utf8 ROW_FORMAT=DYNAMIC;

-- ----------------------------
-- Records of qrtz_job_details
-- ----------------------------
INSERT INTO `qrtz_job_details` VALUES ('quartzScheduler', 'cn.ydxiaoshuai.modules.quartz.job.LiteApiLogJob', 'DEFAULT', null, 'cn.ydxiaoshuai.modules.quartz.job.LiteApiLogJob', '0', '0', '0', '0', 0xACED0005737200156F72672E71756172747A2E4A6F62446174614D61709FB083E8BFA9B0CB020000787200266F72672E71756172747A2E7574696C732E537472696E674B65794469727479466C61674D61708208E8C3FBC55D280200015A0013616C6C6F77735472616E7369656E74446174617872001D6F72672E71756172747A2E7574696C732E4469727479466C61674D617013E62EAD28760ACE0200025A000564697274794C00036D617074000F4C6A6176612F7574696C2F4D61703B787001737200116A6176612E7574696C2E486173684D61700507DAC1C31660D103000246000A6C6F6164466163746F724900097468726573686F6C6478703F4000000000000C77080000001000000001740009706172616D65746572707800);
INSERT INTO `qrtz_job_details` VALUES ('quartzScheduler', 'cn.ydxiaoshuai.modules.quartz.job.LiteUserJob', 'DEFAULT', null, 'cn.ydxiaoshuai.modules.quartz.job.LiteUserJob', '0', '0', '0', '0', 0xACED0005737200156F72672E71756172747A2E4A6F62446174614D61709FB083E8BFA9B0CB020000787200266F72672E71756172747A2E7574696C732E537472696E674B65794469727479466C61674D61708208E8C3FBC55D280200015A0013616C6C6F77735472616E7369656E74446174617872001D6F72672E71756172747A2E7574696C732E4469727479466C61674D617013E62EAD28760ACE0200025A000564697274794C00036D617074000F4C6A6176612F7574696C2F4D61703B787001737200116A6176612E7574696C2E486173684D61700507DAC1C31660D103000246000A6C6F6164466163746F724900097468726573686F6C6478703F4000000000000C77080000001000000001740009706172616D65746572707800);
INSERT INTO `qrtz_job_details` VALUES ('quartzScheduler', 'cn.ydxiaoshuai.modules.quartz.job.ToutiaoJob', 'DEFAULT', null, 'cn.ydxiaoshuai.modules.quartz.job.ToutiaoJob', '0', '0', '0', '0', 0xACED0005737200156F72672E71756172747A2E4A6F62446174614D61709FB083E8BFA9B0CB020000787200266F72672E71756172747A2E7574696C732E537472696E674B65794469727479466C61674D61708208E8C3FBC55D280200015A0013616C6C6F77735472616E7369656E74446174617872001D6F72672E71756172747A2E7574696C732E4469727479466C61674D617013E62EAD28760ACE0200025A000564697274794C00036D617074000F4C6A6176612F7574696C2F4D61703B787001737200116A6176612E7574696C2E486173684D61700507DAC1C31660D103000246000A6C6F6164466163746F724900097468726573686F6C6478703F4000000000000C77080000001000000001740009706172616D65746572707800);
INSERT INTO `qrtz_job_details` VALUES ('quartzScheduler', 'cn.ydxiaoshuai.modules.quartz.job.WeiXinAccessTokenJob', 'DEFAULT', null, 'cn.ydxiaoshuai.modules.quartz.job.WeiXinAccessTokenJob', '0', '0', '0', '0', 0xACED0005737200156F72672E71756172747A2E4A6F62446174614D61709FB083E8BFA9B0CB020000787200266F72672E71756172747A2E7574696C732E537472696E674B65794469727479466C61674D61708208E8C3FBC55D280200015A0013616C6C6F77735472616E7369656E74446174617872001D6F72672E71756172747A2E7574696C732E4469727479466C61674D617013E62EAD28760ACE0200025A000564697274794C00036D617074000F4C6A6176612F7574696C2F4D61703B787001737200116A6176612E7574696C2E486173684D61700507DAC1C31660D103000246000A6C6F6164466163746F724900097468726573686F6C6478703F4000000000000C77080000001000000001740009706172616D65746572707800);

-- ----------------------------
-- Table structure for qrtz_locks
-- ----------------------------
DROP TABLE IF EXISTS `qrtz_locks`;
CREATE TABLE `qrtz_locks` (
  `SCHED_NAME` varchar(120) NOT NULL,
  `LOCK_NAME` varchar(40) NOT NULL,
  PRIMARY KEY (`SCHED_NAME`,`LOCK_NAME`) USING BTREE
) ENGINE=InnoDB DEFAULT CHARSET=utf8 ROW_FORMAT=DYNAMIC;

-- ----------------------------
-- Records of qrtz_locks
-- ----------------------------
INSERT INTO `qrtz_locks` VALUES ('quartzScheduler', 'TRIGGER_ACCESS');

-- ----------------------------
-- Table structure for qrtz_paused_trigger_grps
-- ----------------------------
DROP TABLE IF EXISTS `qrtz_paused_trigger_grps`;
CREATE TABLE `qrtz_paused_trigger_grps` (
  `SCHED_NAME` varchar(120) NOT NULL,
  `TRIGGER_GROUP` varchar(200) NOT NULL,
  PRIMARY KEY (`SCHED_NAME`,`TRIGGER_GROUP`) USING BTREE
) ENGINE=InnoDB DEFAULT CHARSET=utf8 ROW_FORMAT=DYNAMIC;

-- ----------------------------
-- Records of qrtz_paused_trigger_grps
-- ----------------------------

-- ----------------------------
-- Table structure for qrtz_scheduler_state
-- ----------------------------
DROP TABLE IF EXISTS `qrtz_scheduler_state`;
CREATE TABLE `qrtz_scheduler_state` (
  `SCHED_NAME` varchar(120) NOT NULL,
  `INSTANCE_NAME` varchar(200) NOT NULL,
  `LAST_CHECKIN_TIME` bigint(13) NOT NULL,
  `CHECKIN_INTERVAL` bigint(13) NOT NULL,
  PRIMARY KEY (`SCHED_NAME`,`INSTANCE_NAME`) USING BTREE
) ENGINE=InnoDB DEFAULT CHARSET=utf8 ROW_FORMAT=DYNAMIC;

-- ----------------------------
-- Records of qrtz_scheduler_state
-- ----------------------------

-- ----------------------------
-- Table structure for qrtz_simple_triggers
-- ----------------------------
DROP TABLE IF EXISTS `qrtz_simple_triggers`;
CREATE TABLE `qrtz_simple_triggers` (
  `SCHED_NAME` varchar(120) NOT NULL,
  `TRIGGER_NAME` varchar(200) NOT NULL,
  `TRIGGER_GROUP` varchar(200) NOT NULL,
  `REPEAT_COUNT` bigint(7) NOT NULL,
  `REPEAT_INTERVAL` bigint(12) NOT NULL,
  `TIMES_TRIGGERED` bigint(10) NOT NULL,
  PRIMARY KEY (`SCHED_NAME`,`TRIGGER_NAME`,`TRIGGER_GROUP`) USING BTREE,
  CONSTRAINT `qrtz_simple_triggers_ibfk_1` FOREIGN KEY (`SCHED_NAME`, `TRIGGER_NAME`, `TRIGGER_GROUP`) REFERENCES `qrtz_triggers` (`SCHED_NAME`, `TRIGGER_NAME`, `TRIGGER_GROUP`)
) ENGINE=InnoDB DEFAULT CHARSET=utf8 ROW_FORMAT=DYNAMIC COMMENT='InnoDB free: 504832 kB; (`SCHED_NAME` `TRIGGER_NAME` `TRIGGE';

-- ----------------------------
-- Records of qrtz_simple_triggers
-- ----------------------------

-- ----------------------------
-- Table structure for qrtz_simprop_triggers
-- ----------------------------
DROP TABLE IF EXISTS `qrtz_simprop_triggers`;
CREATE TABLE `qrtz_simprop_triggers` (
  `SCHED_NAME` varchar(120) NOT NULL,
  `TRIGGER_NAME` varchar(200) NOT NULL,
  `TRIGGER_GROUP` varchar(200) NOT NULL,
  `STR_PROP_1` varchar(512) DEFAULT NULL,
  `STR_PROP_2` varchar(512) DEFAULT NULL,
  `STR_PROP_3` varchar(512) DEFAULT NULL,
  `INT_PROP_1` int(11) DEFAULT NULL,
  `INT_PROP_2` int(11) DEFAULT NULL,
  `LONG_PROP_1` bigint(20) DEFAULT NULL,
  `LONG_PROP_2` bigint(20) DEFAULT NULL,
  `DEC_PROP_1` decimal(13,4) DEFAULT NULL,
  `DEC_PROP_2` decimal(13,4) DEFAULT NULL,
  `BOOL_PROP_1` varchar(1) DEFAULT NULL,
  `BOOL_PROP_2` varchar(1) DEFAULT NULL,
  PRIMARY KEY (`SCHED_NAME`,`TRIGGER_NAME`,`TRIGGER_GROUP`) USING BTREE,
  CONSTRAINT `qrtz_simprop_triggers_ibfk_1` FOREIGN KEY (`SCHED_NAME`, `TRIGGER_NAME`, `TRIGGER_GROUP`) REFERENCES `qrtz_triggers` (`SCHED_NAME`, `TRIGGER_NAME`, `TRIGGER_GROUP`)
) ENGINE=InnoDB DEFAULT CHARSET=utf8 ROW_FORMAT=DYNAMIC COMMENT='InnoDB free: 504832 kB; (`SCHED_NAME` `TRIGGER_NAME` `TRIGGE';

-- ----------------------------
-- Records of qrtz_simprop_triggers
-- ----------------------------

-- ----------------------------
-- Table structure for qrtz_triggers
-- ----------------------------
DROP TABLE IF EXISTS `qrtz_triggers`;
CREATE TABLE `qrtz_triggers` (
  `SCHED_NAME` varchar(120) NOT NULL,
  `TRIGGER_NAME` varchar(200) NOT NULL,
  `TRIGGER_GROUP` varchar(200) NOT NULL,
  `JOB_NAME` varchar(200) NOT NULL,
  `JOB_GROUP` varchar(200) NOT NULL,
  `DESCRIPTION` varchar(250) DEFAULT NULL,
  `NEXT_FIRE_TIME` bigint(13) DEFAULT NULL,
  `PREV_FIRE_TIME` bigint(13) DEFAULT NULL,
  `PRIORITY` int(11) DEFAULT NULL,
  `TRIGGER_STATE` varchar(16) NOT NULL,
  `TRIGGER_TYPE` varchar(8) NOT NULL,
  `START_TIME` bigint(13) NOT NULL,
  `END_TIME` bigint(13) DEFAULT NULL,
  `CALENDAR_NAME` varchar(200) DEFAULT NULL,
  `MISFIRE_INSTR` smallint(2) DEFAULT NULL,
  `JOB_DATA` blob,
  PRIMARY KEY (`SCHED_NAME`,`TRIGGER_NAME`,`TRIGGER_GROUP`) USING BTREE,
  KEY `SCHED_NAME` (`SCHED_NAME`,`JOB_NAME`,`JOB_GROUP`) USING BTREE,
  CONSTRAINT `qrtz_triggers_ibfk_1` FOREIGN KEY (`SCHED_NAME`, `JOB_NAME`, `JOB_GROUP`) REFERENCES `qrtz_job_details` (`SCHED_NAME`, `JOB_NAME`, `JOB_GROUP`)
) ENGINE=InnoDB DEFAULT CHARSET=utf8 ROW_FORMAT=DYNAMIC COMMENT='InnoDB free: 504832 kB; (`SCHED_NAME` `JOB_NAME` `JOB_GROUP`';

-- ----------------------------
-- Records of qrtz_triggers
-- ----------------------------
INSERT INTO `qrtz_triggers` VALUES ('quartzScheduler', 'cn.ydxiaoshuai.modules.quartz.job.LiteApiLogJob', 'DEFAULT', 'cn.ydxiaoshuai.modules.quartz.job.LiteApiLogJob', 'DEFAULT', null, '1602208300000', '1602208290000', '5', 'WAITING', 'CRON', '1600066687000', '0', null, '0', '');
INSERT INTO `qrtz_triggers` VALUES ('quartzScheduler', 'cn.ydxiaoshuai.modules.quartz.job.LiteUserJob', 'DEFAULT', 'cn.ydxiaoshuai.modules.quartz.job.LiteUserJob', 'DEFAULT', null, '1602262800000', '1602207592219', '5', 'WAITING', 'CRON', '1600076355000', '0', null, '0', '');
INSERT INTO `qrtz_triggers` VALUES ('quartzScheduler', 'cn.ydxiaoshuai.modules.quartz.job.ToutiaoJob', 'DEFAULT', 'cn.ydxiaoshuai.modules.quartz.job.ToutiaoJob', 'DEFAULT', null, '1602208800000', '1602207592213', '5', 'WAITING', 'CRON', '1600077951000', '0', null, '0', '');
INSERT INTO `qrtz_triggers` VALUES ('quartzScheduler', 'cn.ydxiaoshuai.modules.quartz.job.WeiXinAccessTokenJob', 'DEFAULT', 'cn.ydxiaoshuai.modules.quartz.job.WeiXinAccessTokenJob', 'DEFAULT', null, '1602208800000', '1602207592216', '5', 'PAUSED', 'CRON', '1600155537000', '0', null, '0', '');

-- ----------------------------
-- Table structure for sys_announcement
-- ----------------------------
DROP TABLE IF EXISTS `sys_announcement`;
CREATE TABLE `sys_announcement` (
  `id` varchar(32) NOT NULL,
  `titile` varchar(100) DEFAULT NULL COMMENT '标题',
  `msg_content` text COMMENT '内容',
  `start_time` datetime DEFAULT NULL COMMENT '开始时间',
  `end_time` datetime DEFAULT NULL COMMENT '结束时间',
  `sender` varchar(100) DEFAULT NULL COMMENT '发布人',
  `priority` varchar(255) DEFAULT NULL COMMENT '优先级（L低，M中，H高）',
  `msg_category` varchar(10) NOT NULL DEFAULT '2' COMMENT '消息类型1:通知公告2:系统消息',
  `msg_type` varchar(10) DEFAULT NULL COMMENT '通告对象类型（USER:指定用户，ALL:全体用户）',
  `send_status` varchar(10) DEFAULT NULL COMMENT '发布状态（0未发布，1已发布，2已撤销）',
  `send_time` datetime DEFAULT NULL COMMENT '发布时间',
  `cancel_time` datetime DEFAULT NULL COMMENT '撤销时间',
  `del_flag` varchar(1) DEFAULT NULL COMMENT '删除状态（0，正常，1已删除）',
  `bus_type` varchar(20) DEFAULT NULL COMMENT '业务类型(email:邮件 bpm:流程)',
  `bus_id` varchar(50) DEFAULT NULL COMMENT '业务id',
  `open_type` varchar(20) DEFAULT NULL COMMENT '打开方式(组件：component 路由：url)',
  `open_page` varchar(255) DEFAULT NULL COMMENT '组件/路由 地址',
  `create_by` varchar(32) DEFAULT NULL COMMENT '创建人',
  `create_time` datetime DEFAULT NULL COMMENT '创建时间',
  `update_by` varchar(32) DEFAULT NULL COMMENT '更新人',
  `update_time` datetime DEFAULT NULL COMMENT '更新时间',
  `user_ids` text COMMENT '指定用户',
  PRIMARY KEY (`id`) USING BTREE
) ENGINE=InnoDB DEFAULT CHARSET=utf8 ROW_FORMAT=DYNAMIC COMMENT='系统通告表';

-- ----------------------------
-- Table structure for sys_announcement_send
-- ----------------------------
DROP TABLE IF EXISTS `sys_announcement_send`;
CREATE TABLE `sys_announcement_send` (
  `id` varchar(32) DEFAULT NULL,
  `annt_id` varchar(32) DEFAULT NULL COMMENT '通告ID',
  `user_id` varchar(32) DEFAULT NULL COMMENT '用户id',
  `read_flag` varchar(10) DEFAULT NULL COMMENT '阅读状态（0未读，1已读）',
  `read_time` datetime DEFAULT NULL COMMENT '阅读时间',
  `create_by` varchar(32) DEFAULT NULL COMMENT '创建人',
  `create_time` datetime DEFAULT NULL COMMENT '创建时间',
  `update_by` varchar(32) DEFAULT NULL COMMENT '更新人',
  `update_time` datetime DEFAULT NULL COMMENT '更新时间'
) ENGINE=InnoDB DEFAULT CHARSET=utf8 ROW_FORMAT=DYNAMIC COMMENT='用户通告阅读标记表';


-- ----------------------------
-- Table structure for sys_category
-- ----------------------------
DROP TABLE IF EXISTS `sys_category`;
CREATE TABLE `sys_category` (
  `id` varchar(36) NOT NULL,
  `pid` varchar(36) DEFAULT NULL COMMENT '父级节点',
  `name` varchar(100) DEFAULT NULL COMMENT '类型名称',
  `code` varchar(100) DEFAULT NULL COMMENT '类型编码',
  `create_by` varchar(50) DEFAULT NULL COMMENT '创建人',
  `create_time` datetime DEFAULT NULL COMMENT '创建日期',
  `update_by` varchar(50) DEFAULT NULL COMMENT '更新人',
  `update_time` datetime DEFAULT NULL COMMENT '更新日期',
  `sys_org_code` varchar(64) DEFAULT NULL COMMENT '所属部门',
  `has_child` varchar(3) DEFAULT NULL COMMENT '是否有子节点',
  PRIMARY KEY (`id`) USING BTREE
) ENGINE=InnoDB DEFAULT CHARSET=utf8 ROW_FORMAT=DYNAMIC;

-- ----------------------------
-- Records of sys_category
-- ----------------------------
INSERT INTO `sys_category` VALUES ('1183693424827564034', '0', '物料树', 'B02', 'admin', '2019-10-14 18:37:59', 'admin', '2019-10-14 18:38:15', 'A01', '1');
INSERT INTO `sys_category` VALUES ('1183693491043041282', '1183693424827564034', '上衣', 'B02A01', 'admin', '2019-10-14 18:38:15', 'admin', '2019-10-14 18:38:43', 'A01', '1');
INSERT INTO `sys_category` VALUES ('1183693534173069314', '1183693424827564034', '裤子', 'B02A02', 'admin', '2019-10-14 18:38:25', null, null, 'A01', null);
INSERT INTO `sys_category` VALUES ('1183693610534567937', '1183693491043041282', '秋衣', 'B02A01A01', 'admin', '2019-10-14 18:38:43', null, null, 'A01', null);
INSERT INTO `sys_category` VALUES ('1183693700254924802', '1183693491043041282', '兵装', 'B02A01A02', 'admin', '2019-10-14 18:39:05', null, null, 'A01', null);
INSERT INTO `sys_category` VALUES ('1183693773974011906', '1183693491043041282', '女装', 'B02A01A03', 'admin', '2019-10-14 18:39:22', null, null, 'A01', null);
INSERT INTO `sys_category` VALUES ('1185039122143719425', '0', '电脑产品', 'A01', 'admin', '2019-10-18 11:45:18', 'admin', '2019-10-18 11:45:31', 'A01', '1');
INSERT INTO `sys_category` VALUES ('1185039176799694850', '1185039122143719425', 'thinkpad', 'A01A01', 'admin', '2019-10-18 11:45:31', null, null, 'A01', null);
INSERT INTO `sys_category` VALUES ('1185039255115739138', '1185039122143719425', 'mackbook', 'A01A02', 'admin', '2019-10-18 11:45:50', null, null, 'A01', null);
INSERT INTO `sys_category` VALUES ('1185039299051073537', '1185039122143719425', '华为电脑', 'A01A03', 'admin', '2019-10-18 11:46:01', null, null, 'A01', null);
INSERT INTO `sys_category` VALUES ('22a50b413c5e1ef661fb8aea9469cf52', 'e9ded10fd33e5753face506f4f1564b5', 'MacBook', 'B01-2-1', 'admin', '2019-06-10 15:43:13', null, null, 'A01', null);
INSERT INTO `sys_category` VALUES ('5c8f68845e57f68ab93a2c8d82d26ae1', '0', '笔记本', 'B01', 'admin', '2019-06-10 15:34:11', 'admin', '2019-06-10 15:34:24', 'A01', '1');
INSERT INTO `sys_category` VALUES ('937fd2e9aa13b8bab1da1ca36d3fd344', 'e9ded10fd33e5753face506f4f1564b5', '台式机', 'B02-2-2', 'admin', '2019-06-10 15:43:32', 'admin', '2019-08-21 12:01:59', 'A01', null);
INSERT INTO `sys_category` VALUES ('e9ded10fd33e5753face506f4f1564b5', '5c8f68845e57f68ab93a2c8d82d26ae1', '苹果电脑', 'B01-2', 'admin', '2019-06-10 15:41:14', 'admin', '2019-06-10 15:43:13', 'A01', '1');
INSERT INTO `sys_category` VALUES ('f39a06bf9f390ba4a53d11bc4e0018d7', '5c8f68845e57f68ab93a2c8d82d26ae1', '华为', 'B01-1', 'admin', '2019-06-10 15:34:24', 'admin', '2019-08-21 12:01:56', 'A01', null);

-- ----------------------------
-- Table structure for sys_check_rule
-- ----------------------------
DROP TABLE IF EXISTS `sys_check_rule`;
CREATE TABLE `sys_check_rule` (
  `id` varchar(32) CHARACTER SET utf8 NOT NULL COMMENT '主键id',
  `rule_name` varchar(100) DEFAULT NULL COMMENT '规则名称',
  `rule_code` varchar(100) DEFAULT NULL COMMENT '规则Code',
  `rule_json` varchar(1024) DEFAULT NULL COMMENT '规则JSON',
  `rule_description` varchar(200) DEFAULT NULL COMMENT '规则描述',
  `update_by` varchar(32) CHARACTER SET utf8 DEFAULT NULL COMMENT '更新人',
  `update_time` datetime DEFAULT NULL COMMENT '更新时间',
  `create_by` varchar(32) CHARACTER SET utf8 DEFAULT NULL COMMENT '创建人',
  `create_time` datetime DEFAULT NULL COMMENT '创建时间',
  PRIMARY KEY (`id`) USING BTREE,
  UNIQUE KEY `uni_sys_check_rule_code` (`rule_code`) USING BTREE
) ENGINE=InnoDB DEFAULT CHARSET=utf8mb4 ROW_FORMAT=DYNAMIC;

-- ----------------------------
-- Records of sys_check_rule
-- ----------------------------
INSERT INTO `sys_check_rule` VALUES ('1224980593992388610', '通用编码规则', 'common', '[{\"digits\":\"1\",\"pattern\":\"^[a-z|A-Z]$\",\"message\":\"第一位只能是字母\"},{\"digits\":\"*\",\"pattern\":\"^[0-9|a-z|A-Z|_]{0,}$\",\"message\":\"只能填写数字、大小写字母、下划线\"},{\"digits\":\"*\",\"pattern\":\"^.{3,}$\",\"message\":\"最少输入3位数\"},{\"digits\":\"*\",\"pattern\":\"^.{3,12}$\",\"message\":\"最多输入12位数\"}]', '规则：1、首位只能是字母；2、只能填写数字、大小写字母、下划线；3、最少3位数，最多12位数。', 'admin', '2020-02-07 11:25:48', 'admin', '2020-02-05 16:58:27');
INSERT INTO `sys_check_rule` VALUES ('1225001845524004866', '负责的功能测试', 'test', '[{\"digits\":\"*\",\"pattern\":\"^.{3,12}$\",\"message\":\"只能输入3-12位字符\"},{\"digits\":\"3\",\"pattern\":\"^\\\\d{3}$\",\"message\":\"前3位必须是数字\"},{\"digits\":\"*\",\"pattern\":\"^[^pP]*$\",\"message\":\"不能输入P\"},{\"digits\":\"4\",\"pattern\":\"^@{4}$\",\"message\":\"第4-7位必须都为 @\"},{\"digits\":\"2\",\"pattern\":\"^#=$\",\"message\":\"第8-9位必须是 #=\"},{\"digits\":\"1\",\"pattern\":\"^O$\",\"message\":\"第10位必须为大写的O\"},{\"digits\":\"*\",\"pattern\":\"^.*。$\",\"message\":\"必须以。结尾\"}]', '包含长度校验、特殊字符校验等', 'admin', '2020-02-07 11:57:31', 'admin', '2020-02-05 18:22:54');

-- ----------------------------
-- Table structure for sys_data_log
-- ----------------------------
DROP TABLE IF EXISTS `sys_data_log`;
CREATE TABLE `sys_data_log` (
  `id` varchar(32) NOT NULL COMMENT 'id',
  `create_by` varchar(32) DEFAULT NULL COMMENT '创建人登录名称',
  `create_time` datetime DEFAULT NULL COMMENT '创建日期',
  `update_by` varchar(32) DEFAULT NULL COMMENT '更新人登录名称',
  `update_time` datetime DEFAULT NULL COMMENT '更新日期',
  `data_table` varchar(32) DEFAULT NULL COMMENT '表名',
  `data_id` varchar(32) DEFAULT NULL COMMENT '数据ID',
  `data_content` text COMMENT '数据内容',
  `data_version` int(11) DEFAULT NULL COMMENT '版本号',
  PRIMARY KEY (`id`) USING BTREE,
  KEY `sindex` (`data_table`,`data_id`) USING BTREE
) ENGINE=InnoDB DEFAULT CHARSET=utf8 ROW_FORMAT=DYNAMIC;

-- ----------------------------
-- Records of sys_data_log
-- ----------------------------
INSERT INTO `sys_data_log` VALUES ('402880f05ab0d198015ab12274bf0006', 'admin', '2017-03-09 11:35:09', null, null, 'jeecg_demo', '4028ef81550c1a7901550c1cd6e70001', '{\"mobilePhone\":\"\",\"officePhone\":\"\",\"email\":\"\",\"createDate\":\"Jun 23, 2016 12:00:00 PM\",\"sex\":\"1\",\"depId\":\"402880e447e99cf10147e9a03b320003\",\"userName\":\"9001\",\"status\":\"1\",\"content\":\"111\",\"id\":\"4028ef81550c1a7901550c1cd6e70001\"}', '3');
INSERT INTO `sys_data_log` VALUES ('402880f05ab6d12b015ab700bead0009', 'admin', '2017-03-10 14:56:03', null, null, 'jeecg_demo', '402880f05ab6d12b015ab700be8d0008', '{\"mobilePhone\":\"\",\"officePhone\":\"\",\"email\":\"\",\"createDate\":\"Mar 10, 2017 2:56:03 PM\",\"sex\":\"0\",\"depId\":\"402880e447e99cf10147e9a03b320003\",\"userName\":\"111\",\"status\":\"0\",\"id\":\"402880f05ab6d12b015ab700be8d0008\"}', '1');
INSERT INTO `sys_data_log` VALUES ('402880f05ab6d12b015ab705a23f000d', 'admin', '2017-03-10 15:01:24', null, null, 'jeecg_demo', '402880f05ab6d12b015ab705a233000c', '{\"mobilePhone\":\"\",\"officePhone\":\"11\",\"email\":\"\",\"createDate\":\"Mar 10, 2017 3:01:24 PM\",\"sex\":\"0\",\"depId\":\"402880e447e99cf10147e9a03b320003\",\"userName\":\"11\",\"status\":\"0\",\"id\":\"402880f05ab6d12b015ab705a233000c\"}', '1');
INSERT INTO `sys_data_log` VALUES ('402880f05ab6d12b015ab712a6420013', 'admin', '2017-03-10 15:15:37', null, null, 'jeecg_demo', '402880f05ab6d12b015ab712a6360012', '{\"mobilePhone\":\"\",\"officePhone\":\"\",\"email\":\"\",\"createDate\":\"Mar 10, 2017 3:15:37 PM\",\"sex\":\"0\",\"depId\":\"402880e447e99cf10147e9a03b320003\",\"userName\":\"小王\",\"status\":\"0\",\"id\":\"402880f05ab6d12b015ab712a6360012\"}', '1');
INSERT INTO `sys_data_log` VALUES ('402880f05ab6d12b015ab712d0510015', 'admin', '2017-03-10 15:15:47', null, null, 'jeecg_demo', '402880f05ab6d12b015ab712a6360012', '{\"mobilePhone\":\"18611788525\",\"officePhone\":\"\",\"email\":\"\",\"createDate\":\"Mar 10, 2017 3:15:37 AM\",\"sex\":\"0\",\"depId\":\"402880e447e99cf10147e9a03b320003\",\"userName\":\"小王\",\"status\":\"0\",\"id\":\"402880f05ab6d12b015ab712a6360012\"}', '2');
INSERT INTO `sys_data_log` VALUES ('402880f05ab6d12b015ab71308240018', 'admin', '2017-03-10 15:16:02', null, null, 'jeecg_demo', '8a8ab0b246dc81120146dc81860f016f', '{\"mobilePhone\":\"13111111111\",\"officePhone\":\"66666666\",\"email\":\"demo@jeecg.com\",\"age\":12,\"salary\":10.00,\"birthday\":\"Feb 14, 2014 12:00:00 AM\",\"sex\":\"1\",\"depId\":\"402880e447e99cf10147e9a03b320003\",\"userName\":\"小明\",\"status\":\"\",\"content\":\"\",\"id\":\"8a8ab0b246dc81120146dc81860f016f\"}', '1');
INSERT INTO `sys_data_log` VALUES ('402880f05ab6d12b015ab72806c3001b', 'admin', '2017-03-10 15:38:58', null, null, 'jeecg_demo', '8a8ab0b246dc81120146dc81860f016f', '{\"mobilePhone\":\"18611788888\",\"officePhone\":\"66666666\",\"email\":\"demo@jeecg.com\",\"age\":12,\"salary\":10.00,\"birthday\":\"Feb 14, 2014 12:00:00 AM\",\"sex\":\"1\",\"depId\":\"402880e447e99cf10147e9a03b320003\",\"userName\":\"小明\",\"status\":\"\",\"content\":\"\",\"id\":\"8a8ab0b246dc81120146dc81860f016f\"}', '2');
INSERT INTO `sys_data_log` VALUES ('4028ef815318148a0153181567690001', 'admin', '2016-02-25 18:59:29', null, null, 'jeecg_demo', '4028ef815318148a0153181566270000', '{\"mobilePhone\":\"13423423423\",\"officePhone\":\"1\",\"email\":\"\",\"age\":1,\"salary\":1,\"birthday\":\"Feb 25, 2016 12:00:00 AM\",\"createDate\":\"Feb 25, 2016 6:59:24 PM\",\"depId\":\"402880e447e9a9570147e9b6a3be0005\",\"userName\":\"1\",\"status\":\"0\",\"id\":\"4028ef815318148a0153181566270000\"}', '1');
INSERT INTO `sys_data_log` VALUES ('4028ef815318148a01531815ec5c0003', 'admin', '2016-02-25 19:00:03', null, null, 'jeecg_demo', '4028ef815318148a0153181566270000', '{\"mobilePhone\":\"13426498659\",\"officePhone\":\"1\",\"email\":\"\",\"age\":1,\"salary\":1.00,\"birthday\":\"Feb 25, 2016 12:00:00 AM\",\"createDate\":\"Feb 25, 2016 6:59:24 AM\",\"depId\":\"402880e447e9a9570147e9b6a3be0005\",\"userName\":\"1\",\"status\":\"0\",\"id\":\"4028ef815318148a0153181566270000\"}', '2');
INSERT INTO `sys_data_log` VALUES ('4028ef8153c028db0153c0502e6b0003', 'admin', '2016-03-29 10:59:53', null, null, 'jeecg_demo', '4028ef8153c028db0153c0502d420002', '{\"mobilePhone\":\"18455477548\",\"officePhone\":\"123\",\"email\":\"\",\"createDate\":\"Mar 29, 2016 10:59:53 AM\",\"depId\":\"402880e447e99cf10147e9a03b320003\",\"userName\":\"123\",\"status\":\"0\",\"id\":\"4028ef8153c028db0153c0502d420002\"}', '1');
INSERT INTO `sys_data_log` VALUES ('4028ef8153c028db0153c0509aa40006', 'admin', '2016-03-29 11:00:21', null, null, 'jeecg_demo', '4028ef8153c028db0153c0509a3e0005', '{\"mobilePhone\":\"13565486458\",\"officePhone\":\"\",\"email\":\"\",\"createDate\":\"Mar 29, 2016 11:00:21 AM\",\"depId\":\"402880e447e99cf10147e9a03b320003\",\"userName\":\"22\",\"status\":\"0\",\"id\":\"4028ef8153c028db0153c0509a3e0005\"}', '1');
INSERT INTO `sys_data_log` VALUES ('4028ef8153c028db0153c051c4a70008', 'admin', '2016-03-29 11:01:37', null, null, 'jeecg_demo', '4028ef8153c028db0153c0509a3e0005', '{\"mobilePhone\":\"13565486458\",\"officePhone\":\"\",\"email\":\"\",\"createDate\":\"Mar 29, 2016 11:00:21 AM\",\"depId\":\"402880e447e99cf10147e9a03b320003\",\"userName\":\"22\",\"status\":\"0\",\"id\":\"4028ef8153c028db0153c0509a3e0005\"}', '2');
INSERT INTO `sys_data_log` VALUES ('4028ef8153c028db0153c051d4b5000a', 'admin', '2016-03-29 11:01:41', null, null, 'jeecg_demo', '4028ef8153c028db0153c0502d420002', '{\"mobilePhone\":\"13565486458\",\"officePhone\":\"123\",\"email\":\"\",\"createDate\":\"Mar 29, 2016 10:59:53 AM\",\"depId\":\"402880e447e99cf10147e9a03b320003\",\"userName\":\"123\",\"status\":\"0\",\"id\":\"4028ef8153c028db0153c0502d420002\"}', '2');
INSERT INTO `sys_data_log` VALUES ('4028ef8153c028db0153c07033d8000d', 'admin', '2016-03-29 11:34:52', null, null, 'jeecg_demo', '4028ef8153c028db0153c0502d420002', '{\"mobilePhone\":\"13565486458\",\"officePhone\":\"123\",\"email\":\"\",\"age\":23,\"createDate\":\"Mar 29, 2016 10:59:53 AM\",\"depId\":\"402880e447e99cf10147e9a03b320003\",\"userName\":\"123\",\"status\":\"0\",\"id\":\"4028ef8153c028db0153c0502d420002\"}', '3');
INSERT INTO `sys_data_log` VALUES ('4028ef8153c028db0153c070492e000f', 'admin', '2016-03-29 11:34:57', null, null, 'jeecg_demo', '4028ef8153c028db0153c0509a3e0005', '{\"mobilePhone\":\"13565486458\",\"officePhone\":\"\",\"email\":\"\",\"age\":22,\"createDate\":\"Mar 29, 2016 11:00:21 AM\",\"depId\":\"402880e447e99cf10147e9a03b320003\",\"userName\":\"22\",\"status\":\"0\",\"id\":\"4028ef8153c028db0153c0509a3e0005\"}', '3');
INSERT INTO `sys_data_log` VALUES ('4028ef81550c1a7901550c1cd7850002', 'admin', '2016-06-01 21:17:44', null, null, 'jeecg_demo', '4028ef81550c1a7901550c1cd6e70001', '{\"mobilePhone\":\"\",\"officePhone\":\"\",\"email\":\"\",\"createDate\":\"Jun 1, 2016 9:17:44 PM\",\"sex\":\"1\",\"depId\":\"402880e447e99cf10147e9a03b320003\",\"userName\":\"121221\",\"status\":\"0\",\"id\":\"4028ef81550c1a7901550c1cd6e70001\"}', '1');
INSERT INTO `sys_data_log` VALUES ('4028ef81568c31ec01568c3307080004', 'admin', '2016-08-15 11:16:09', null, null, 'jeecg_demo', '4028ef81550c1a7901550c1cd6e70001', '{\"mobilePhone\":\"\",\"officePhone\":\"\",\"email\":\"\",\"createDate\":\"Jun 23, 2016 12:00:00 PM\",\"sex\":\"1\",\"depId\":\"402880e447e99cf10147e9a03b320003\",\"userName\":\"9001\",\"status\":\"1\",\"content\":\"111\",\"id\":\"4028ef81550c1a7901550c1cd6e70001\"}', '2');

-- ----------------------------
-- Table structure for sys_data_source
-- ----------------------------
DROP TABLE IF EXISTS `sys_data_source`;
CREATE TABLE `sys_data_source` (
  `id` varchar(36) NOT NULL,
  `code` varchar(100) DEFAULT NULL COMMENT '数据源编码',
  `name` varchar(100) DEFAULT NULL COMMENT '数据源名称',
  `remark` varchar(200) DEFAULT NULL COMMENT '备注',
  `db_type` varchar(10) DEFAULT NULL COMMENT '数据库类型',
  `db_driver` varchar(100) DEFAULT NULL COMMENT '驱动类',
  `db_url` varchar(500) DEFAULT NULL COMMENT '数据源地址',
  `db_name` varchar(100) DEFAULT NULL COMMENT '数据库名称',
  `db_username` varchar(100) DEFAULT NULL COMMENT '用户名',
  `db_password` varchar(100) DEFAULT NULL COMMENT '密码',
  `create_by` varchar(50) DEFAULT NULL COMMENT '创建人',
  `create_time` datetime DEFAULT NULL COMMENT '创建日期',
  `update_by` varchar(50) DEFAULT NULL COMMENT '更新人',
  `update_time` datetime DEFAULT NULL COMMENT '更新日期',
  `sys_org_code` varchar(64) DEFAULT NULL COMMENT '所属部门',
  PRIMARY KEY (`id`) USING BTREE,
  UNIQUE KEY `sys_data_source_code_uni` (`code`) USING BTREE
) ENGINE=InnoDB DEFAULT CHARSET=utf8mb4 ROW_FORMAT=DYNAMIC;

-- ----------------------------
-- Records of sys_data_source
-- ----------------------------
INSERT INTO `sys_data_source` VALUES ('1209779538310004737', null, 'MySQL5.7', '本地数据库MySQL5.7', '1', 'com.mysql.jdbc.Driver', 'jdbc:mysql://127.0.0.1:3306/jeecg-boot?characterEncoding=UTF-8&useUnicode=true&useSSL=false', 'jeecg-boot', 'root', 'root', 'admin', '2019-12-25 18:14:53', null, null, 'A01');

-- ----------------------------
-- Table structure for sys_depart
-- ----------------------------
DROP TABLE IF EXISTS `sys_depart`;
CREATE TABLE `sys_depart` (
  `id` varchar(32) NOT NULL COMMENT 'ID',
  `parent_id` varchar(32) DEFAULT NULL COMMENT '父机构ID',
  `depart_name` varchar(100) NOT NULL COMMENT '机构/部门名称',
  `depart_name_en` varchar(500) DEFAULT NULL COMMENT '英文名',
  `depart_name_abbr` varchar(500) DEFAULT NULL COMMENT '缩写',
  `depart_order` int(11) DEFAULT '0' COMMENT '排序',
  `description` text COMMENT '描述',
  `org_category` varchar(10) NOT NULL DEFAULT '1' COMMENT '机构类别 1组织机构，2岗位',
  `org_type` varchar(10) DEFAULT NULL COMMENT '机构类型 1一级部门 2子部门',
  `org_code` varchar(64) NOT NULL COMMENT '机构编码',
  `mobile` varchar(32) DEFAULT NULL COMMENT '手机号',
  `fax` varchar(32) DEFAULT NULL COMMENT '传真',
  `address` varchar(100) DEFAULT NULL COMMENT '地址',
  `memo` varchar(500) DEFAULT NULL COMMENT '备注',
  `status` varchar(1) DEFAULT NULL COMMENT '状态（1启用，0不启用）',
  `del_flag` varchar(1) DEFAULT NULL COMMENT '删除状态（0，正常，1已删除）',
  `create_by` varchar(32) DEFAULT NULL COMMENT '创建人',
  `create_time` datetime DEFAULT NULL COMMENT '创建日期',
  `update_by` varchar(32) DEFAULT NULL COMMENT '更新人',
  `update_time` datetime DEFAULT NULL COMMENT '更新日期',
  PRIMARY KEY (`id`) USING BTREE,
  KEY `index_depart_parent_id` (`parent_id`) USING BTREE,
  KEY `index_depart_depart_order` (`depart_order`) USING BTREE,
  KEY `index_depart_org_code` (`org_code`) USING BTREE
) ENGINE=InnoDB DEFAULT CHARSET=utf8 ROW_FORMAT=DYNAMIC COMMENT='组织机构表';

-- ----------------------------
-- Records of sys_depart
-- ----------------------------
INSERT INTO `sys_depart` VALUES ('57197590443c44f083d42ae24ef26a2c', 'c6d7cb4deeac411cb3384b1b31278596', '研发部', null, null, '0', null, '1', '2', 'A01A05', null, null, null, null, null, '0', 'admin', '2019-02-21 16:14:41', 'admin', '2019-03-27 19:05:49');
INSERT INTO `sys_depart` VALUES ('743ba9dbdc114af8953a11022ef3096a', 'f28c6f53abd841ac87ead43afc483433', '财务部', null, null, '0', null, '1', '2', 'A03A01', null, null, null, null, null, '0', 'admin', '2019-03-22 16:45:43', null, null);
INSERT INTO `sys_depart` VALUES ('c6d7cb4deeac411cb3384b1b31278596', '', '有点小帅集团', null, null, '0', null, '1', '1', 'A01', null, null, null, null, null, '0', 'admin', '2019-02-11 14:21:51', 'admin', '2020-09-04 16:42:06');
INSERT INTO `sys_depart` VALUES ('e35fe3aa4f2e4f778eb0a45148428e92', 'c6d7cb4deeac411cb3384b1b31278596', '运营部', null, null, '0', null, '2', '2', 'A01A06', null, null, null, null, null, '0', 'admin', '2020-09-04 16:46:23', null, null);

-- ----------------------------
-- Table structure for sys_depart_permission
-- ----------------------------
DROP TABLE IF EXISTS `sys_depart_permission`;
CREATE TABLE `sys_depart_permission` (
  `id` varchar(32) NOT NULL,
  `depart_id` varchar(32) DEFAULT NULL COMMENT '部门id',
  `permission_id` varchar(32) DEFAULT NULL COMMENT '权限id',
  `data_rule_ids` varchar(1000) DEFAULT NULL COMMENT '数据规则id',
  PRIMARY KEY (`id`) USING BTREE
) ENGINE=InnoDB DEFAULT CHARSET=utf8 ROW_FORMAT=DYNAMIC COMMENT='部门权限表';

-- ----------------------------
-- Records of sys_depart_permission
-- ----------------------------

-- ----------------------------
-- Table structure for sys_depart_role
-- ----------------------------
DROP TABLE IF EXISTS `sys_depart_role`;
CREATE TABLE `sys_depart_role` (
  `id` varchar(32) NOT NULL,
  `depart_id` varchar(32) DEFAULT NULL COMMENT '部门id',
  `role_name` varchar(200) DEFAULT NULL COMMENT '部门角色名称',
  `role_code` varchar(100) DEFAULT NULL COMMENT '部门角色编码',
  `description` varchar(255) DEFAULT NULL COMMENT '描述',
  `create_by` varchar(32) DEFAULT NULL COMMENT '创建人',
  `create_time` datetime DEFAULT NULL COMMENT '创建时间',
  `update_by` varchar(32) DEFAULT NULL COMMENT '更新人',
  `update_time` datetime DEFAULT NULL COMMENT '更新时间',
  PRIMARY KEY (`id`) USING BTREE
) ENGINE=InnoDB DEFAULT CHARSET=utf8 ROW_FORMAT=DYNAMIC COMMENT='部门角色表';

-- ----------------------------
-- Records of sys_depart_role
-- ----------------------------

-- ----------------------------
-- Table structure for sys_depart_role_permission
-- ----------------------------
DROP TABLE IF EXISTS `sys_depart_role_permission`;
CREATE TABLE `sys_depart_role_permission` (
  `id` varchar(32) NOT NULL,
  `depart_id` varchar(32) DEFAULT NULL COMMENT '部门id',
  `role_id` varchar(32) DEFAULT NULL COMMENT '角色id',
  `permission_id` varchar(32) DEFAULT NULL COMMENT '权限id',
  `data_rule_ids` varchar(1000) DEFAULT NULL,
  PRIMARY KEY (`id`) USING BTREE,
  KEY `index_group_role_per_id` (`role_id`,`permission_id`) USING BTREE,
  KEY `index_group_role_id` (`role_id`) USING BTREE,
  KEY `index_group_per_id` (`permission_id`) USING BTREE
) ENGINE=InnoDB DEFAULT CHARSET=utf8 ROW_FORMAT=COMPACT COMMENT='部门角色权限表';

-- ----------------------------
-- Records of sys_depart_role_permission
-- ----------------------------

-- ----------------------------
-- Table structure for sys_depart_role_user
-- ----------------------------
DROP TABLE IF EXISTS `sys_depart_role_user`;
CREATE TABLE `sys_depart_role_user` (
  `id` varchar(32) NOT NULL COMMENT '主键id',
  `user_id` varchar(32) DEFAULT NULL COMMENT '用户id',
  `drole_id` varchar(32) DEFAULT NULL COMMENT '角色id',
  PRIMARY KEY (`id`) USING BTREE
) ENGINE=InnoDB DEFAULT CHARSET=utf8 ROW_FORMAT=DYNAMIC COMMENT='部门角色用户表';

-- ----------------------------
-- Records of sys_depart_role_user
-- ----------------------------

-- ----------------------------
-- Table structure for sys_dict
-- ----------------------------
DROP TABLE IF EXISTS `sys_dict`;
CREATE TABLE `sys_dict` (
  `id` varchar(32) NOT NULL,
  `dict_name` varchar(100) DEFAULT NULL COMMENT '字典名称',
  `dict_code` varchar(100) DEFAULT NULL COMMENT '字典编码',
  `description` varchar(255) DEFAULT NULL COMMENT '描述',
  `del_flag` int(1) DEFAULT NULL COMMENT '删除状态',
  `create_by` varchar(32) DEFAULT NULL COMMENT '创建人',
  `create_time` datetime DEFAULT NULL COMMENT '创建时间',
  `update_by` varchar(32) DEFAULT NULL COMMENT '更新人',
  `update_time` datetime DEFAULT NULL COMMENT '更新时间',
  `type` int(1) unsigned zerofill DEFAULT '0' COMMENT '字典类型0为string,1为number',
  PRIMARY KEY (`id`) USING BTREE,
  UNIQUE KEY `indextable_dict_code` (`dict_code`) USING BTREE
) ENGINE=InnoDB DEFAULT CHARSET=utf8 ROW_FORMAT=DYNAMIC;

-- ----------------------------
-- Records of sys_dict
-- ----------------------------
INSERT INTO `sys_dict` VALUES ('0b5d19e1fce4b2e6647e6b4a17760c14', '通告类型', 'msg_category', '消息类型1:通知公告2:系统消息', '0', 'admin', '2019-04-22 18:01:35', null, null, '0');
INSERT INTO `sys_dict` VALUES ('1174509082208395266', '职务职级', 'position_rank', '职务表职级字典', '0', 'admin', '2019-09-19 10:22:41', null, null, '0');
INSERT INTO `sys_dict` VALUES ('1174511106530525185', '机构类型', 'org_category', '机构类型 1组织机构，2岗位', '0', 'admin', '2019-09-19 10:30:43', null, null, '0');
INSERT INTO `sys_dict` VALUES ('1178295274528845826', '表单权限策略', 'form_perms_type', '', '0', 'admin', '2019-09-29 21:07:39', 'admin', '2019-09-29 21:08:26', null);
INSERT INTO `sys_dict` VALUES ('1199517671259906049', '紧急程度', 'urgent_level', '日程计划紧急程度', '0', 'admin', '2019-11-27 10:37:53', null, null, '0');
INSERT INTO `sys_dict` VALUES ('1199518099888414722', '日程计划类型', 'eoa_plan_type', '', '0', 'admin', '2019-11-27 10:39:36', null, null, '0');
INSERT INTO `sys_dict` VALUES ('1199520177767587841', '分类栏目类型', 'eoa_cms_menu_type', '', '0', 'admin', '2019-11-27 10:47:51', 'admin', '2019-11-27 10:49:35', '0');
INSERT INTO `sys_dict` VALUES ('1199525215290306561', '日程计划状态', 'eoa_plan_status', '', '0', 'admin', '2019-11-27 11:07:52', 'admin', '2019-11-27 11:10:11', '0');
INSERT INTO `sys_dict` VALUES ('1209733563293962241', '数据库类型', 'database_type', '', '0', 'admin', '2019-12-25 15:12:12', null, null, '0');
INSERT INTO `sys_dict` VALUES ('236e8a4baff0db8c62c00dd95632834f', '同步工作流引擎', 'activiti_sync', '同步工作流引擎', '0', 'admin', '2019-05-15 15:27:33', null, null, '0');
INSERT INTO `sys_dict` VALUES ('2e02df51611a4b9632828ab7e5338f00', '权限策略', 'perms_type', '权限策略', '0', 'admin', '2019-04-26 18:26:55', null, null, '0');
INSERT INTO `sys_dict` VALUES ('2f0320997ade5dd147c90130f7218c3e', '推送类别', 'msg_type', '', '0', 'admin', '2019-03-17 21:21:32', 'admin', '2019-03-26 19:57:45', '0');
INSERT INTO `sys_dict` VALUES ('3486f32803bb953e7155dab3513dc68b', '删除状态', 'del_flag', null, '0', 'admin', '2019-01-18 21:46:26', 'admin', '2019-03-30 11:17:11', '0');
INSERT INTO `sys_dict` VALUES ('3d9a351be3436fbefb1307d4cfb49bf2', '性别', 'sex', null, '0', null, '2019-01-04 14:56:32', 'admin', '2019-03-30 11:28:27', '1');
INSERT INTO `sys_dict` VALUES ('404a04a15f371566c658ee9ef9fc392a', 'cehis2', '22', null, '1', 'admin', '2019-01-30 11:17:21', 'admin', '2019-03-30 11:18:12', '0');
INSERT INTO `sys_dict` VALUES ('4274efc2292239b6f000b153f50823ff', '全局权限策略', 'global_perms_type', '全局权限策略', '0', 'admin', '2019-05-10 17:54:05', null, null, '0');
INSERT INTO `sys_dict` VALUES ('4c03fca6bf1f0299c381213961566349', 'Online图表展示模板', 'online_graph_display_template', 'Online图表展示模板', '0', 'admin', '2019-04-12 17:28:50', null, null, '0');
INSERT INTO `sys_dict` VALUES ('4c753b5293304e7a445fd2741b46529d', '字典状态', 'dict_item_status', null, '0', 'admin', '2020-06-18 23:18:42', 'admin', '2019-03-30 19:33:52', '1');
INSERT INTO `sys_dict` VALUES ('4d7fec1a7799a436d26d02325eff295e', '优先级', 'priority', '优先级', '0', 'admin', '2019-03-16 17:03:34', 'admin', '2019-04-16 17:39:23', '0');
INSERT INTO `sys_dict` VALUES ('4e4602b3e3686f0911384e188dc7efb4', '条件规则', 'rule_conditions', '', '0', 'admin', '2019-04-01 10:15:03', 'admin', '2019-04-01 10:30:47', '0');
INSERT INTO `sys_dict` VALUES ('4f69be5f507accea8d5df5f11346181a', '发送消息类型', 'msgType', null, '0', 'admin', '2019-04-11 14:27:09', null, null, '0');
INSERT INTO `sys_dict` VALUES ('68168534ff5065a152bfab275c2136f8', '有效无效状态', 'valid_status', '有效无效状态', '0', 'admin', '2020-09-26 19:21:14', 'admin', '2019-04-26 19:21:23', '0');
INSERT INTO `sys_dict` VALUES ('6b78e3f59faec1a4750acff08030a79b', '用户类型', 'user_type', null, '1', null, '2019-01-04 14:59:01', 'admin', '2019-03-18 23:28:18', '0');
INSERT INTO `sys_dict` VALUES ('72cce0989df68887546746d8f09811aa', 'Online表单类型', 'cgform_table_type', '', '0', 'admin', '2019-01-27 10:13:02', 'admin', '2019-03-30 11:37:36', '0');
INSERT INTO `sys_dict` VALUES ('78bda155fe380b1b3f175f1e88c284c6', '流程状态', 'bpm_status', '流程状态', '0', 'admin', '2019-05-09 16:31:52', null, null, '0');
INSERT INTO `sys_dict` VALUES ('83bfb33147013cc81640d5fd9eda030c', '日志类型', 'log_type', null, '0', 'admin', '2019-03-18 23:22:19', null, null, '1');
INSERT INTO `sys_dict` VALUES ('845da5006c97754728bf48b6a10f79cc', '状态', 'status', null, '1', 'admin', '2019-03-18 21:45:25', 'admin', '2019-03-18 21:58:25', '0');
INSERT INTO `sys_dict` VALUES ('880a895c98afeca9d9ac39f29e67c13e', '操作类型', 'operate_type', '操作类型', '0', 'admin', '2019-07-22 10:54:29', null, null, '0');
INSERT INTO `sys_dict` VALUES ('8dfe32e2d29ea9430a988b3b558bf233', '发布状态', 'send_status', '发布状态', '0', 'admin', '2019-04-16 17:40:42', null, null, '0');
INSERT INTO `sys_dict` VALUES ('a7adbcd86c37f7dbc9b66945c82ef9e6', '1是0否', 'yn', '', '1', 'admin', '2019-05-22 19:29:29', null, null, '0');
INSERT INTO `sys_dict` VALUES ('a9d9942bd0eccb6e89de92d130ec4c4a', '消息发送状态', 'msgSendStatus', null, '0', 'admin', '2019-04-12 18:18:17', null, null, '0');
INSERT INTO `sys_dict` VALUES ('ac2f7c0c5c5775fcea7e2387bcb22f01', '菜单类型', 'menu_type', null, '0', 'admin', '2020-12-18 23:24:32', 'admin', '2019-04-01 15:27:06', '1');
INSERT INTO `sys_dict` VALUES ('ad7c65ba97c20a6805d5dcdf13cdaf36', 'onlineT类型', 'ceshi_online', null, '1', 'admin', '2019-03-22 16:31:49', 'admin', '2019-03-22 16:34:16', '0');
INSERT INTO `sys_dict` VALUES ('bd1b8bc28e65d6feefefb6f3c79f42fd', 'Online图表数据类型', 'online_graph_data_type', 'Online图表数据类型', '0', 'admin', '2019-04-12 17:24:24', 'admin', '2019-04-12 17:24:57', '0');
INSERT INTO `sys_dict` VALUES ('c36169beb12de8a71c8683ee7c28a503', '部门状态', 'depart_status', null, '0', 'admin', '2019-03-18 21:59:51', null, null, '0');
INSERT INTO `sys_dict` VALUES ('c5a14c75172783d72cbee6ee7f5df5d1', 'Online图表类型', 'online_graph_type', 'Online图表类型', '0', 'admin', '2019-04-12 17:04:06', null, null, '0');
INSERT INTO `sys_dict` VALUES ('d6e1152968b02d69ff358c75b48a6ee1', '流程类型', 'bpm_process_type', null, '0', 'admin', '2021-02-22 19:26:54', 'admin', '2019-03-30 18:14:44', '0');
INSERT INTO `sys_dict` VALUES ('fc6cd58fde2e8481db10d3a1e68ce70c', '用户状态', 'user_status', null, '0', 'admin', '2019-03-18 21:57:25', 'admin', '2019-03-18 23:11:58', '1');

-- ----------------------------
-- Table structure for sys_dict_item
-- ----------------------------
DROP TABLE IF EXISTS `sys_dict_item`;
CREATE TABLE `sys_dict_item` (
  `id` varchar(32) NOT NULL,
  `dict_id` varchar(32) DEFAULT NULL COMMENT '字典id',
  `item_text` varchar(100) DEFAULT NULL COMMENT '字典项文本',
  `item_value` varchar(100) DEFAULT NULL COMMENT '字典项值',
  `description` varchar(255) DEFAULT NULL COMMENT '描述',
  `sort_order` int(10) DEFAULT NULL COMMENT '排序',
  `status` int(11) DEFAULT NULL COMMENT '状态（1启用 0不启用）',
  `create_by` varchar(32) DEFAULT NULL,
  `create_time` datetime DEFAULT NULL,
  `update_by` varchar(32) DEFAULT NULL,
  `update_time` datetime DEFAULT NULL,
  PRIMARY KEY (`id`) USING BTREE,
  KEY `index_table_dict_id` (`dict_id`) USING BTREE,
  KEY `index_table_sort_order` (`sort_order`) USING BTREE,
  KEY `index_table_dict_status` (`status`) USING BTREE
) ENGINE=InnoDB DEFAULT CHARSET=utf8 ROW_FORMAT=DYNAMIC;

-- ----------------------------
-- Records of sys_dict_item
-- ----------------------------
INSERT INTO `sys_dict_item` VALUES ('0072d115e07c875d76c9b022e2179128', '4d7fec1a7799a436d26d02325eff295e', '低', 'L', '低', '3', '1', 'admin', '2019-04-16 17:04:59', null, null);
INSERT INTO `sys_dict_item` VALUES ('05a2e732ce7b00aa52141ecc3e330b4e', '3486f32803bb953e7155dab3513dc68b', '已删除', '1', null, null, '1', 'admin', '2025-10-18 21:46:56', 'admin', '2019-03-28 22:23:20');
INSERT INTO `sys_dict_item` VALUES ('096c2e758d823def3855f6376bc736fb', 'bd1b8bc28e65d6feefefb6f3c79f42fd', 'SQL', 'sql', null, '1', '1', 'admin', '2019-04-12 17:26:26', null, null);
INSERT INTO `sys_dict_item` VALUES ('0c9532916f5cd722017b46bc4d953e41', '2f0320997ade5dd147c90130f7218c3e', '指定用户', 'USER', null, null, '1', 'admin', '2019-03-17 21:22:19', 'admin', '2019-03-17 21:22:28');
INSERT INTO `sys_dict_item` VALUES ('0ca4beba9efc4f9dd54af0911a946d5c', '72cce0989df68887546746d8f09811aa', '附表', '3', null, '3', '1', 'admin', '2019-03-27 10:13:43', null, null);
INSERT INTO `sys_dict_item` VALUES ('1030a2652608f5eac3b49d70458b8532', '2e02df51611a4b9632828ab7e5338f00', '禁用', '2', '禁用', '2', '1', 'admin', '2021-03-26 18:27:28', 'admin', '2019-04-26 18:39:11');
INSERT INTO `sys_dict_item` VALUES ('1174509601047994369', '1174509082208395266', '员级', '1', '', '1', '1', 'admin', '2019-09-19 10:24:45', 'admin', '2019-09-23 11:46:39');
INSERT INTO `sys_dict_item` VALUES ('1174509667297026049', '1174509082208395266', '助级', '2', '', '2', '1', 'admin', '2019-09-19 10:25:01', 'admin', '2019-09-23 11:46:47');
INSERT INTO `sys_dict_item` VALUES ('1174509713568587777', '1174509082208395266', '中级', '3', '', '3', '1', 'admin', '2019-09-19 10:25:12', 'admin', '2019-09-23 11:46:56');
INSERT INTO `sys_dict_item` VALUES ('1174509788361416705', '1174509082208395266', '副高级', '4', '', '4', '1', 'admin', '2019-09-19 10:25:30', 'admin', '2019-09-23 11:47:06');
INSERT INTO `sys_dict_item` VALUES ('1174509835803189250', '1174509082208395266', '正高级', '5', '', '5', '1', 'admin', '2019-09-19 10:25:41', 'admin', '2019-09-23 11:47:12');
INSERT INTO `sys_dict_item` VALUES ('1174511197735665665', '1174511106530525185', '组织机构', '1', '组织机构', '1', '1', 'admin', '2019-09-19 10:31:05', null, null);
INSERT INTO `sys_dict_item` VALUES ('1174511244036587521', '1174511106530525185', '岗位', '2', '岗位', '1', '1', 'admin', '2019-09-19 10:31:16', null, null);
INSERT INTO `sys_dict_item` VALUES ('1178295553450061826', '1178295274528845826', '可编辑(未授权禁用)', '2', '', '2', '1', 'admin', '2019-09-29 21:08:46', 'admin', '2019-09-29 21:09:18');
INSERT INTO `sys_dict_item` VALUES ('1178295639554928641', '1178295274528845826', '可见(未授权不可见)', '1', '', '1', '1', 'admin', '2019-09-29 21:09:06', 'admin', '2019-09-29 21:09:24');
INSERT INTO `sys_dict_item` VALUES ('1199517884758368257', '1199517671259906049', '一般', '1', '', '1', '1', 'admin', '2019-11-27 10:38:44', null, null);
INSERT INTO `sys_dict_item` VALUES ('1199517914017832962', '1199517671259906049', '重要', '2', '', '1', '1', 'admin', '2019-11-27 10:38:51', null, null);
INSERT INTO `sys_dict_item` VALUES ('1199517941339529217', '1199517671259906049', '紧急', '3', '', '1', '1', 'admin', '2019-11-27 10:38:58', null, null);
INSERT INTO `sys_dict_item` VALUES ('1199518186144276482', '1199518099888414722', '日常记录', '1', '', '1', '1', 'admin', '2019-11-27 10:39:56', null, null);
INSERT INTO `sys_dict_item` VALUES ('1199518214858481666', '1199518099888414722', '本周工作', '2', '', '1', '1', 'admin', '2019-11-27 10:40:03', null, null);
INSERT INTO `sys_dict_item` VALUES ('1199518235943247874', '1199518099888414722', '下周计划', '3', '', '1', '1', 'admin', '2019-11-27 10:40:08', null, null);
INSERT INTO `sys_dict_item` VALUES ('1199520817285701634', '1199520177767587841', '列表', '1', '', '1', '1', 'admin', '2019-11-27 10:50:24', null, null);
INSERT INTO `sys_dict_item` VALUES ('1199520835035996161', '1199520177767587841', '链接', '2', '', '1', '1', 'admin', '2019-11-27 10:50:28', null, null);
INSERT INTO `sys_dict_item` VALUES ('1199525468672405505', '1199525215290306561', '未开始', '0', '', '1', '1', 'admin', '2019-11-27 11:08:52', null, null);
INSERT INTO `sys_dict_item` VALUES ('1199525490575060993', '1199525215290306561', '进行中', '1', '', '1', '1', 'admin', '2019-11-27 11:08:58', null, null);
INSERT INTO `sys_dict_item` VALUES ('1199525506429530114', '1199525215290306561', '已完成', '2', '', '1', '1', 'admin', '2019-11-27 11:09:02', 'admin', '2019-11-27 11:10:02');
INSERT INTO `sys_dict_item` VALUES ('1199607547704647681', '4f69be5f507accea8d5df5f11346181a', '系统', '4', '', '1', '1', 'admin', '2019-11-27 16:35:02', 'admin', '2019-11-27 19:37:46');
INSERT INTO `sys_dict_item` VALUES ('1209733775114702850', '1209733563293962241', 'MySQL', '1', '', '1', '1', 'admin', '2019-12-25 15:13:02', null, null);
INSERT INTO `sys_dict_item` VALUES ('1209733839933476865', '1209733563293962241', 'Oracle', '2', '', '1', '1', 'admin', '2019-12-25 15:13:18', null, null);
INSERT INTO `sys_dict_item` VALUES ('1209733903020003330', '1209733563293962241', 'SQLServer', '3', '', '1', '1', 'admin', '2019-12-25 15:13:33', null, null);
INSERT INTO `sys_dict_item` VALUES ('147c48ff4b51545032a9119d13f3222a', 'd6e1152968b02d69ff358c75b48a6ee1', '测试流程', 'test', null, '1', '1', 'admin', '2019-03-22 19:27:05', null, null);
INSERT INTO `sys_dict_item` VALUES ('1543fe7e5e26fb97cdafe4981bedc0c8', '4c03fca6bf1f0299c381213961566349', '单排布局', 'single', null, '2', '1', 'admin', '2022-07-12 17:43:39', 'admin', '2019-04-12 17:43:57');
INSERT INTO `sys_dict_item` VALUES ('1b8a6341163062dad8cb2fddd34e0c3b', '404a04a15f371566c658ee9ef9fc392a', '22', '222', null, '1', '1', 'admin', '2019-03-30 11:17:48', null, null);
INSERT INTO `sys_dict_item` VALUES ('1ce390c52453891f93514c1bd2795d44', 'ad7c65ba97c20a6805d5dcdf13cdaf36', '000', '00', null, '1', '1', 'admin', '2019-03-22 16:34:34', null, null);
INSERT INTO `sys_dict_item` VALUES ('1db531bcff19649fa82a644c8a939dc4', '4c03fca6bf1f0299c381213961566349', '组合布局', 'combination', '', '4', '1', 'admin', '2019-05-11 16:07:08', null, null);
INSERT INTO `sys_dict_item` VALUES ('222705e11ef0264d4214affff1fb4ff9', '4f69be5f507accea8d5df5f11346181a', '短信', '1', '', '1', '1', 'admin', '2023-02-28 10:50:36', 'admin', '2019-04-28 10:58:11');
INSERT INTO `sys_dict_item` VALUES ('23a5bb76004ed0e39414e928c4cde155', '4e4602b3e3686f0911384e188dc7efb4', '不等于', '!=', '不等于', '3', '1', 'admin', '2019-04-01 16:46:15', 'admin', '2019-04-01 17:48:40');
INSERT INTO `sys_dict_item` VALUES ('25847e9cb661a7c711f9998452dc09e6', '4e4602b3e3686f0911384e188dc7efb4', '小于等于', '<=', '小于等于', '6', '1', 'admin', '2019-04-01 16:44:34', 'admin', '2019-04-01 17:49:10');
INSERT INTO `sys_dict_item` VALUES ('2d51376643f220afdeb6d216a8ac2c01', '68168534ff5065a152bfab275c2136f8', '有效', '1', '有效', '2', '1', 'admin', '2019-04-26 19:22:01', null, null);
INSERT INTO `sys_dict_item` VALUES ('308c8aadf0c37ecdde188b97ca9833f5', '8dfe32e2d29ea9430a988b3b558bf233', '已发布', '1', '已发布', '2', '1', 'admin', '2019-04-16 17:41:24', null, null);
INSERT INTO `sys_dict_item` VALUES ('333e6b2196e01ef9a5f76d74e86a6e33', '8dfe32e2d29ea9430a988b3b558bf233', '未发布', '0', '未发布', '1', '1', 'admin', '2019-04-16 17:41:12', null, null);
INSERT INTO `sys_dict_item` VALUES ('337ea1e401bda7233f6258c284ce4f50', 'bd1b8bc28e65d6feefefb6f3c79f42fd', 'JSON', 'json', null, '1', '1', 'admin', '2019-04-12 17:26:33', null, null);
INSERT INTO `sys_dict_item` VALUES ('33bc9d9f753cf7dc40e70461e50fdc54', 'a9d9942bd0eccb6e89de92d130ec4c4a', '发送失败', '2', null, '3', '1', 'admin', '2019-04-12 18:20:02', null, null);
INSERT INTO `sys_dict_item` VALUES ('3fbc03d6c994ae06d083751248037c0e', '78bda155fe380b1b3f175f1e88c284c6', '已完成', '3', '已完成', '3', '1', 'admin', '2019-05-09 16:33:25', null, null);
INSERT INTO `sys_dict_item` VALUES ('41d7aaa40c9b61756ffb1f28da5ead8e', '0b5d19e1fce4b2e6647e6b4a17760c14', '通知公告', '1', null, '1', '1', 'admin', '2019-04-22 18:01:57', null, null);
INSERT INTO `sys_dict_item` VALUES ('41fa1e9571505d643aea87aeb83d4d76', '4e4602b3e3686f0911384e188dc7efb4', '等于', '=', '等于', '4', '1', 'admin', '2019-04-01 16:45:24', 'admin', '2019-04-01 17:49:00');
INSERT INTO `sys_dict_item` VALUES ('43d2295b8610adce9510ff196a49c6e9', '845da5006c97754728bf48b6a10f79cc', '正常', '1', null, null, '1', 'admin', '2019-03-18 21:45:51', null, null);
INSERT INTO `sys_dict_item` VALUES ('4f05fb5376f4c61502c5105f52e4dd2b', '83bfb33147013cc81640d5fd9eda030c', '操作日志', '2', null, null, '1', 'admin', '2019-03-18 23:22:49', null, null);
INSERT INTO `sys_dict_item` VALUES ('50223341bfb5ba30bf6319789d8d17fe', 'd6e1152968b02d69ff358c75b48a6ee1', '业务办理', 'business', null, '3', '1', 'admin', '2023-04-22 19:28:05', 'admin', '2019-03-22 23:24:39');
INSERT INTO `sys_dict_item` VALUES ('51222413e5906cdaf160bb5c86fb827c', 'a7adbcd86c37f7dbc9b66945c82ef9e6', '是', '1', '', '1', '1', 'admin', '2019-05-22 19:29:45', null, null);
INSERT INTO `sys_dict_item` VALUES ('538fca35afe004972c5f3947c039e766', '2e02df51611a4b9632828ab7e5338f00', '显示', '1', '显示', '1', '1', 'admin', '2025-03-26 18:27:13', 'admin', '2019-04-26 18:39:07');
INSERT INTO `sys_dict_item` VALUES ('5584c21993bde231bbde2b966f2633ac', '4e4602b3e3686f0911384e188dc7efb4', '自定义SQL表达式', 'USE_SQL_RULES', '自定义SQL表达式', '9', '1', 'admin', '2019-04-01 10:45:24', 'admin', '2019-04-01 17:49:27');
INSERT INTO `sys_dict_item` VALUES ('58b73b344305c99b9d8db0fc056bbc0a', '72cce0989df68887546746d8f09811aa', '主表', '2', null, '2', '1', 'admin', '2019-03-27 10:13:36', null, null);
INSERT INTO `sys_dict_item` VALUES ('5b65a88f076b32e8e69d19bbaadb52d5', '2f0320997ade5dd147c90130f7218c3e', '全体用户', 'ALL', null, null, '1', 'admin', '2020-10-17 21:22:43', 'admin', '2019-03-28 22:17:09');
INSERT INTO `sys_dict_item` VALUES ('5d833f69296f691843ccdd0c91212b6b', '880a895c98afeca9d9ac39f29e67c13e', '修改', '3', '', '3', '1', 'admin', '2019-07-22 10:55:07', 'admin', '2019-07-22 10:55:41');
INSERT INTO `sys_dict_item` VALUES ('5d84a8634c8fdfe96275385075b105c9', '3d9a351be3436fbefb1307d4cfb49bf2', '女', '2', null, '2', '1', null, '2019-01-04 14:56:56', null, '2019-01-04 17:38:12');
INSERT INTO `sys_dict_item` VALUES ('66c952ae2c3701a993e7db58f3baf55e', '4e4602b3e3686f0911384e188dc7efb4', '大于', '>', '大于', '1', '1', 'admin', '2019-04-01 10:45:46', 'admin', '2019-04-01 17:48:29');
INSERT INTO `sys_dict_item` VALUES ('6937c5dde8f92e9a00d4e2ded9198694', 'ad7c65ba97c20a6805d5dcdf13cdaf36', 'easyui', '3', null, '1', '1', 'admin', '2019-03-22 16:32:15', null, null);
INSERT INTO `sys_dict_item` VALUES ('69cacf64e244100289ddd4aa9fa3b915', 'a9d9942bd0eccb6e89de92d130ec4c4a', '未发送', '0', null, '1', '1', 'admin', '2019-04-12 18:19:23', null, null);
INSERT INTO `sys_dict_item` VALUES ('6a7a9e1403a7943aba69e54ebeff9762', '4f69be5f507accea8d5df5f11346181a', '邮件', '2', '', '2', '1', 'admin', '2031-02-28 10:50:44', 'admin', '2019-04-28 10:59:03');
INSERT INTO `sys_dict_item` VALUES ('6c682d78ddf1715baf79a1d52d2aa8c2', '72cce0989df68887546746d8f09811aa', '单表', '1', null, '1', '1', 'admin', '2019-03-27 10:13:29', null, null);
INSERT INTO `sys_dict_item` VALUES ('6d404fd2d82311fbc87722cd302a28bc', '4e4602b3e3686f0911384e188dc7efb4', '模糊', 'LIKE', '模糊', '7', '1', 'admin', '2019-04-01 16:46:02', 'admin', '2019-04-01 17:49:20');
INSERT INTO `sys_dict_item` VALUES ('6d4e26e78e1a09699182e08516c49fc4', '4d7fec1a7799a436d26d02325eff295e', '高', 'H', '高', '1', '1', 'admin', '2019-04-16 17:04:24', null, null);
INSERT INTO `sys_dict_item` VALUES ('700e9f030654f3f90e9ba76ab0713551', '6b78e3f59faec1a4750acff08030a79b', '333', '333', null, null, '1', 'admin', '2019-02-21 19:59:47', null, null);
INSERT INTO `sys_dict_item` VALUES ('7050c1522702bac3be40e3b7d2e1dfd8', 'c5a14c75172783d72cbee6ee7f5df5d1', '柱状图', 'bar', null, '1', '1', 'admin', '2019-04-12 17:05:17', null, null);
INSERT INTO `sys_dict_item` VALUES ('71b924faa93805c5c1579f12e001c809', 'd6e1152968b02d69ff358c75b48a6ee1', 'OA办公', 'oa', null, '2', '1', 'admin', '2021-03-22 19:27:17', 'admin', '2019-03-22 23:24:36');
INSERT INTO `sys_dict_item` VALUES ('75b260d7db45a39fc7f21badeabdb0ed', 'c36169beb12de8a71c8683ee7c28a503', '不启用', '0', null, null, '1', 'admin', '2019-03-18 23:29:41', 'admin', '2019-03-18 23:29:54');
INSERT INTO `sys_dict_item` VALUES ('7688469db4a3eba61e6e35578dc7c2e5', 'c36169beb12de8a71c8683ee7c28a503', '启用', '1', null, null, '1', 'admin', '2019-03-18 23:29:28', null, null);
INSERT INTO `sys_dict_item` VALUES ('78ea6cadac457967a4b1c4eb7aaa418c', 'fc6cd58fde2e8481db10d3a1e68ce70c', '正常', '1', null, null, '1', 'admin', '2019-03-18 23:30:28', null, null);
INSERT INTO `sys_dict_item` VALUES ('7ccf7b80c70ee002eceb3116854b75cb', 'ac2f7c0c5c5775fcea7e2387bcb22f01', '按钮权限', '2', null, null, '1', 'admin', '2019-03-18 23:25:40', null, null);
INSERT INTO `sys_dict_item` VALUES ('81fb2bb0e838dc68b43f96cc309f8257', 'fc6cd58fde2e8481db10d3a1e68ce70c', '冻结', '2', null, null, '1', 'admin', '2019-03-18 23:30:37', null, null);
INSERT INTO `sys_dict_item` VALUES ('83250269359855501ec4e9c0b7e21596', '4274efc2292239b6f000b153f50823ff', '可见/可访问(授权后可见/可访问)', '1', '', '1', '1', 'admin', '2019-05-10 17:54:51', null, null);
INSERT INTO `sys_dict_item` VALUES ('84778d7e928bc843ad4756db1322301f', '4e4602b3e3686f0911384e188dc7efb4', '大于等于', '>=', '大于等于', '5', '1', 'admin', '2019-04-01 10:46:02', 'admin', '2019-04-01 17:49:05');
INSERT INTO `sys_dict_item` VALUES ('848d4da35ebd93782029c57b103e5b36', 'c5a14c75172783d72cbee6ee7f5df5d1', '饼图', 'pie', null, '3', '1', 'admin', '2019-04-12 17:05:49', null, null);
INSERT INTO `sys_dict_item` VALUES ('84dfc178dd61b95a72900fcdd624c471', '78bda155fe380b1b3f175f1e88c284c6', '处理中', '2', '处理中', '2', '1', 'admin', '2019-05-09 16:33:01', null, null);
INSERT INTO `sys_dict_item` VALUES ('86f19c7e0a73a0bae451021ac05b99dd', 'ac2f7c0c5c5775fcea7e2387bcb22f01', '子菜单', '1', null, null, '1', 'admin', '2019-03-18 23:25:27', null, null);
INSERT INTO `sys_dict_item` VALUES ('8bccb963e1cd9e8d42482c54cc609ca2', '4f69be5f507accea8d5df5f11346181a', '微信', '3', null, '3', '1', 'admin', '2021-05-11 14:29:12', 'admin', '2019-04-11 14:29:31');
INSERT INTO `sys_dict_item` VALUES ('8c618902365ca681ebbbe1e28f11a548', '4c753b5293304e7a445fd2741b46529d', '启用', '1', '', '0', '1', 'admin', '2020-07-18 23:19:27', 'admin', '2019-05-17 14:51:18');
INSERT INTO `sys_dict_item` VALUES ('8cdf08045056671efd10677b8456c999', '4274efc2292239b6f000b153f50823ff', '可编辑(未授权时禁用)', '2', '', '2', '1', 'admin', '2019-05-10 17:55:38', null, null);
INSERT INTO `sys_dict_item` VALUES ('8ff48e657a7c5090d4f2a59b37d1b878', '4d7fec1a7799a436d26d02325eff295e', '中', 'M', '中', '2', '1', 'admin', '2019-04-16 17:04:40', null, null);
INSERT INTO `sys_dict_item` VALUES ('948923658baa330319e59b2213cda97c', '880a895c98afeca9d9ac39f29e67c13e', '添加', '2', '', '2', '1', 'admin', '2019-07-22 10:54:59', 'admin', '2019-07-22 10:55:36');
INSERT INTO `sys_dict_item` VALUES ('9a96c4a4e4c5c9b4e4d0cbf6eb3243cc', '4c753b5293304e7a445fd2741b46529d', '不启用', '0', null, '1', '1', 'admin', '2019-03-18 23:19:53', null, null);
INSERT INTO `sys_dict_item` VALUES ('a1e7d1ca507cff4a480c8caba7c1339e', '880a895c98afeca9d9ac39f29e67c13e', '导出', '6', '', '6', '1', 'admin', '2019-07-22 12:06:50', null, null);
INSERT INTO `sys_dict_item` VALUES ('a2321496db6febc956a6c70fab94cb0c', '404a04a15f371566c658ee9ef9fc392a', '3', '3', null, '1', '1', 'admin', '2019-03-30 11:18:18', null, null);
INSERT INTO `sys_dict_item` VALUES ('a2be752dd4ec980afaec1efd1fb589af', '8dfe32e2d29ea9430a988b3b558bf233', '已撤销', '2', '已撤销', '3', '1', 'admin', '2019-04-16 17:41:39', null, null);
INSERT INTO `sys_dict_item` VALUES ('aa0d8a8042a18715a17f0a888d360aa4', 'ac2f7c0c5c5775fcea7e2387bcb22f01', '一级菜单', '0', null, null, '1', 'admin', '2019-03-18 23:24:52', null, null);
INSERT INTO `sys_dict_item` VALUES ('adcf2a1fe93bb99a84833043f475fe0b', '4e4602b3e3686f0911384e188dc7efb4', '包含', 'IN', '包含', '8', '1', 'admin', '2019-04-01 16:45:47', 'admin', '2019-04-01 17:49:24');
INSERT INTO `sys_dict_item` VALUES ('b029a41a851465332ee4ee69dcf0a4c2', '0b5d19e1fce4b2e6647e6b4a17760c14', '系统消息', '2', null, '1', '1', 'admin', '2019-02-22 18:02:08', 'admin', '2019-04-22 18:02:13');
INSERT INTO `sys_dict_item` VALUES ('b2a8b4bb2c8e66c2c4b1bb086337f393', '3486f32803bb953e7155dab3513dc68b', '正常', '0', null, null, '1', 'admin', '2022-10-18 21:46:48', 'admin', '2019-03-28 22:22:20');
INSERT INTO `sys_dict_item` VALUES ('b57f98b88363188daf38d42f25991956', '6b78e3f59faec1a4750acff08030a79b', '22', '222', null, null, '0', 'admin', '2019-02-21 19:59:43', 'admin', '2019-03-11 21:23:27');
INSERT INTO `sys_dict_item` VALUES ('b5f3bd5f66bb9a83fecd89228c0d93d1', '68168534ff5065a152bfab275c2136f8', '无效', '0', '无效', '1', '1', 'admin', '2019-04-26 19:21:49', null, null);
INSERT INTO `sys_dict_item` VALUES ('b9fbe2a3602d4a27b45c100ac5328484', '78bda155fe380b1b3f175f1e88c284c6', '待提交', '1', '待提交', '1', '1', 'admin', '2019-05-09 16:32:35', null, null);
INSERT INTO `sys_dict_item` VALUES ('ba27737829c6e0e582e334832703d75e', '236e8a4baff0db8c62c00dd95632834f', '同步', '1', '同步', '1', '1', 'admin', '2019-05-15 15:28:15', null, null);
INSERT INTO `sys_dict_item` VALUES ('bcec04526b04307e24a005d6dcd27fd6', '880a895c98afeca9d9ac39f29e67c13e', '导入', '5', '', '5', '1', 'admin', '2019-07-22 12:06:41', null, null);
INSERT INTO `sys_dict_item` VALUES ('c53da022b9912e0aed691bbec3c78473', '880a895c98afeca9d9ac39f29e67c13e', '查询', '1', '', '1', '1', 'admin', '2019-07-22 10:54:51', null, null);
INSERT INTO `sys_dict_item` VALUES ('c5700a71ad08994d18ad1dacc37a71a9', 'a7adbcd86c37f7dbc9b66945c82ef9e6', '否', '0', '', '1', '1', 'admin', '2019-05-22 19:29:55', null, null);
INSERT INTO `sys_dict_item` VALUES ('cbfcc5b88fc3a90975df23ffc8cbe29c', 'c5a14c75172783d72cbee6ee7f5df5d1', '曲线图', 'line', null, '2', '1', 'admin', '2019-05-12 17:05:30', 'admin', '2019-04-12 17:06:06');
INSERT INTO `sys_dict_item` VALUES ('d217592908ea3e00ff986ce97f24fb98', 'c5a14c75172783d72cbee6ee7f5df5d1', '数据列表', 'table', null, '4', '1', 'admin', '2019-04-12 17:05:56', null, null);
INSERT INTO `sys_dict_item` VALUES ('df168368dcef46cade2aadd80100d8aa', '3d9a351be3436fbefb1307d4cfb49bf2', '男', '1', null, '1', '1', null, '2027-08-04 14:56:49', 'admin', '2019-03-23 22:44:44');
INSERT INTO `sys_dict_item` VALUES ('e6329e3a66a003819e2eb830b0ca2ea0', '4e4602b3e3686f0911384e188dc7efb4', '小于', '<', '小于', '2', '1', 'admin', '2019-04-01 16:44:15', 'admin', '2019-04-01 17:48:34');
INSERT INTO `sys_dict_item` VALUES ('e94eb7af89f1dbfa0d823580a7a6e66a', '236e8a4baff0db8c62c00dd95632834f', '不同步', '0', '不同步', '2', '1', 'admin', '2019-05-15 15:28:28', null, null);
INSERT INTO `sys_dict_item` VALUES ('f0162f4cc572c9273f3e26b2b4d8c082', 'ad7c65ba97c20a6805d5dcdf13cdaf36', 'booostrap', '1', null, '1', '1', 'admin', '2021-08-22 16:32:04', 'admin', '2019-03-22 16:33:57');
INSERT INTO `sys_dict_item` VALUES ('f16c5706f3ae05c57a53850c64ce7c45', 'a9d9942bd0eccb6e89de92d130ec4c4a', '发送成功', '1', null, '2', '1', 'admin', '2019-04-12 18:19:43', null, null);
INSERT INTO `sys_dict_item` VALUES ('f2a7920421f3335afdf6ad2b342f6b5d', '845da5006c97754728bf48b6a10f79cc', '冻结', '2', null, null, '1', 'admin', '2019-03-18 21:46:02', null, null);
INSERT INTO `sys_dict_item` VALUES ('f37f90c496ec9841c4c326b065e00bb2', '83bfb33147013cc81640d5fd9eda030c', '登录日志', '1', null, null, '1', 'admin', '2019-03-18 23:22:37', null, null);
INSERT INTO `sys_dict_item` VALUES ('f753aff60ff3931c0ecb4812d8b5e643', '4c03fca6bf1f0299c381213961566349', '双排布局', 'double', null, '3', '1', 'admin', '2019-04-12 17:43:51', null, null);
INSERT INTO `sys_dict_item` VALUES ('f80a8f6838215753b05e1a5ba3346d22', '880a895c98afeca9d9ac39f29e67c13e', '删除', '4', '', '4', '1', 'admin', '2019-07-22 10:55:14', 'admin', '2019-07-22 10:55:30');
INSERT INTO `sys_dict_item` VALUES ('fcec03570f68a175e1964808dc3f1c91', '4c03fca6bf1f0299c381213961566349', 'Tab风格', 'tab', null, '1', '1', 'admin', '2019-04-12 17:43:31', null, null);
INSERT INTO `sys_dict_item` VALUES ('fe50b23ae5e68434def76f67cef35d2d', '78bda155fe380b1b3f175f1e88c284c6', '已作废', '4', '已作废', '4', '1', 'admin', '2021-09-09 16:33:43', 'admin', '2019-05-09 16:34:40');

-- ----------------------------
-- Table structure for sys_fill_rule
-- ----------------------------
DROP TABLE IF EXISTS `sys_fill_rule`;
CREATE TABLE `sys_fill_rule` (
  `id` varchar(32) CHARACTER SET utf8 NOT NULL COMMENT '主键ID',
  `rule_name` varchar(100) DEFAULT NULL COMMENT '规则名称',
  `rule_code` varchar(100) DEFAULT NULL COMMENT '规则Code',
  `rule_class` varchar(100) DEFAULT NULL COMMENT '规则实现类',
  `rule_params` varchar(200) DEFAULT NULL COMMENT '规则参数',
  `update_by` varchar(32) CHARACTER SET utf8 DEFAULT NULL COMMENT '修改人',
  `update_time` datetime DEFAULT NULL COMMENT '修改时间',
  `create_by` varchar(32) CHARACTER SET utf8 DEFAULT NULL COMMENT '创建人',
  `create_time` datetime DEFAULT NULL COMMENT '创建时间',
  PRIMARY KEY (`id`) USING BTREE,
  UNIQUE KEY `uni_sys_fill_rule_code` (`rule_code`) USING BTREE
) ENGINE=InnoDB DEFAULT CHARSET=utf8mb4 ROW_FORMAT=DYNAMIC;

-- ----------------------------
-- Records of sys_fill_rule
-- ----------------------------
INSERT INTO `sys_fill_rule` VALUES ('1202551334738382850', '机构编码生成', 'org_num_role', 'cn.ydxiaoshuai.modules.system.rule.OrgCodeRule', '{\"parentId\":\"c6d7cb4deeac411cb3384b1b31278596\"}', 'admin', '2019-12-09 10:37:06', 'admin', '2019-12-05 19:32:35');
INSERT INTO `sys_fill_rule` VALUES ('1202787623203065858', '分类字典编码生成', 'category_code_rule', 'cn.ydxiaoshuai.modules.system.rule.CategoryCodeRule', '{\"pid\":\"\"}', 'admin', '2019-12-09 10:36:54', 'admin', '2019-12-06 11:11:31');

-- ----------------------------
-- Table structure for sys_log
-- ----------------------------
DROP TABLE IF EXISTS `sys_log`;
CREATE TABLE `sys_log` (
  `id` varchar(32) NOT NULL,
  `log_type` int(2) DEFAULT NULL COMMENT '日志类型（1登录日志，2操作日志）',
  `log_content` varchar(1000) DEFAULT NULL COMMENT '日志内容',
  `operate_type` int(2) DEFAULT NULL COMMENT '操作类型',
  `userid` varchar(32) DEFAULT NULL COMMENT '操作用户账号',
  `username` varchar(100) DEFAULT NULL COMMENT '操作用户名称',
  `ip` varchar(100) DEFAULT NULL COMMENT 'IP',
  `method` varchar(500) DEFAULT NULL COMMENT '请求java方法',
  `request_url` varchar(255) DEFAULT NULL COMMENT '请求路径',
  `request_param` longtext COMMENT '请求参数',
  `request_type` varchar(10) DEFAULT NULL COMMENT '请求类型',
  `cost_time` bigint(20) DEFAULT NULL COMMENT '耗时',
  `create_by` varchar(32) DEFAULT NULL COMMENT '创建人',
  `create_time` datetime DEFAULT NULL COMMENT '创建时间',
  `update_by` varchar(32) DEFAULT NULL COMMENT '更新人',
  `update_time` datetime DEFAULT NULL COMMENT '更新时间',
  PRIMARY KEY (`id`) USING BTREE,
  KEY `index_table_userid` (`userid`) USING BTREE,
  KEY `index_logt_ype` (`log_type`) USING BTREE,
  KEY `index_operate_type` (`operate_type`) USING BTREE,
  KEY `index_log_type` (`log_type`) USING BTREE
) ENGINE=MyISAM DEFAULT CHARSET=utf8 ROW_FORMAT=DYNAMIC COMMENT='系统日志表';

-- ----------------------------
-- Records of sys_log
-- ----------------------------

-- ----------------------------
-- Table structure for sys_permission
-- ----------------------------
DROP TABLE IF EXISTS `sys_permission`;
CREATE TABLE `sys_permission` (
  `id` varchar(32) NOT NULL COMMENT '主键id',
  `parent_id` varchar(32) DEFAULT NULL COMMENT '父id',
  `name` varchar(100) DEFAULT NULL COMMENT '菜单标题',
  `url` varchar(255) DEFAULT NULL COMMENT '路径',
  `component` varchar(255) DEFAULT NULL COMMENT '组件',
  `component_name` varchar(100) DEFAULT NULL COMMENT '组件名字',
  `redirect` varchar(255) DEFAULT NULL COMMENT '一级菜单跳转地址',
  `menu_type` int(11) DEFAULT NULL COMMENT '菜单类型(0:一级菜单; 1:子菜单:2:按钮权限)',
  `perms` varchar(255) DEFAULT NULL COMMENT '菜单权限编码',
  `perms_type` varchar(10) DEFAULT '0' COMMENT '权限策略1显示2禁用',
  `sort_no` double(8,2) DEFAULT NULL COMMENT '菜单排序',
  `always_show` tinyint(1) DEFAULT NULL COMMENT '聚合子路由: 1是0否',
  `icon` varchar(100) DEFAULT NULL COMMENT '菜单图标',
  `is_route` tinyint(1) DEFAULT '1' COMMENT '是否路由菜单: 0:不是  1:是（默认值1）',
  `is_leaf` tinyint(1) DEFAULT NULL COMMENT '是否叶子节点:    1:是   0:不是',
  `keep_alive` tinyint(1) DEFAULT NULL COMMENT '是否缓存该页面:    1:是   0:不是',
  `hidden` int(2) DEFAULT '0' COMMENT '是否隐藏路由: 0否,1是',
  `description` varchar(255) DEFAULT NULL COMMENT '描述',
  `create_by` varchar(32) DEFAULT NULL COMMENT '创建人',
  `create_time` datetime DEFAULT NULL COMMENT '创建时间',
  `update_by` varchar(32) DEFAULT NULL COMMENT '更新人',
  `update_time` datetime DEFAULT NULL COMMENT '更新时间',
  `del_flag` int(1) DEFAULT '0' COMMENT '删除状态 0正常 1已删除',
  `rule_flag` int(3) DEFAULT '0' COMMENT '是否添加数据权限1是0否',
  `status` varchar(2) DEFAULT NULL COMMENT '按钮权限状态(0无效1有效)',
  `internal_or_external` tinyint(1) DEFAULT NULL COMMENT '外链菜单打开方式 0/内部打开 1/外部打开',
  PRIMARY KEY (`id`) USING BTREE,
  KEY `index_prem_pid` (`parent_id`) USING BTREE,
  KEY `index_prem_is_route` (`is_route`) USING BTREE,
  KEY `index_prem_is_leaf` (`is_leaf`) USING BTREE,
  KEY `index_prem_sort_no` (`sort_no`) USING BTREE,
  KEY `index_prem_del_flag` (`del_flag`) USING BTREE,
  KEY `index_menu_type` (`menu_type`) USING BTREE,
  KEY `index_menu_hidden` (`hidden`) USING BTREE,
  KEY `index_menu_status` (`status`) USING BTREE
) ENGINE=InnoDB DEFAULT CHARSET=utf8 ROW_FORMAT=DYNAMIC COMMENT='菜单权限表';

-- ----------------------------
-- Records of sys_permission
-- ----------------------------
INSERT INTO `sys_permission` VALUES ('024f1fd1283dc632458976463d8984e1', '700b7f95165c46cc7a78bf227aa8fed3', 'Tomcat信息', '/monitor/TomcatInfo', 'modules/monitor/TomcatInfo', null, null, '1', null, null, '4.00', '0', null, '1', '1', null, '0', null, 'admin', '2019-04-02 09:44:29', 'admin', '2019-05-07 15:19:10', '0', '0', null, null);
INSERT INTO `sys_permission` VALUES ('08e6b9dc3c04489c8e1ff2ce6f105aa4', '', '系统监控', '/dashboard3', 'layouts/RouteView', null, null, '0', null, null, '6.00', '0', 'dashboard', '1', '0', null, '0', null, null, '2018-12-25 20:34:38', 'admin', '2019-03-31 22:19:58', '0', '0', null, null);
INSERT INTO `sys_permission` VALUES ('1170592628746878978', 'd7d6e2e4e2934f2c9385a623fd98c6f3', '菜单管理2', '/isystem/newPermissionList', 'system/NewPermissionList', null, null, '1', null, '1', '100.00', '0', null, '1', '1', '0', '0', null, 'admin', '2019-09-08 15:00:05', 'admin', '2019-12-25 09:58:18', '0', '0', '1', '0');
INSERT INTO `sys_permission` VALUES ('1174506953255182338', 'd7d6e2e4e2934f2c9385a623fd98c6f3', '职务管理', '/isystem/position', 'system/SysPositionList', null, null, '1', null, '1', '2.00', '0', null, '1', '1', '0', '0', null, 'admin', '2019-09-19 10:14:13', 'admin', '2019-09-19 10:15:22', '0', '0', '1', '0');
INSERT INTO `sys_permission` VALUES ('1174590283938041857', 'd7d6e2e4e2934f2c9385a623fd98c6f3', '通讯录', '/isystem/addressList', 'system/AddressList', null, null, '1', null, '1', '3.00', '0', null, '1', '1', '0', '0', null, 'admin', '2019-09-19 15:45:21', null, null, '0', '0', '1', '0');
INSERT INTO `sys_permission` VALUES ('1257867971600510977', '', '小程序基础配置', '/liteconfig', 'layouts/RouteView', null, null, '0', null, '1', '1.00', '0', 'hdd', '1', '0', '0', '0', null, 'admin', '2020-05-06 11:01:09', 'admin', '2020-05-14 18:33:38', '0', '0', '1', '0');
INSERT INTO `sys_permission` VALUES ('1257868389105725441', '1257867971600510977', '首页导航', '/liteconfig/LiteConfigNavList', 'liteconfig/LiteConfigNavList', null, null, '1', null, '1', '1.00', '0', null, '1', '1', '0', '0', null, 'admin', '2020-05-06 11:02:49', 'admin', '2020-05-14 18:31:40', '0', '0', '1', '0');
INSERT INTO `sys_permission` VALUES ('1257868579711676417', '1257867971600510977', '首页滚动公告', '/liteconfig/LiteConfigRollnewsList', 'liteconfig/LiteConfigRollnewsList', null, null, '1', null, '1', '2.00', '0', null, '1', '1', '0', '0', null, 'admin', '2020-05-06 11:03:34', 'admin', '2020-05-14 18:31:46', '0', '0', '1', '0');
INSERT INTO `sys_permission` VALUES ('1257868719361028098', '1257867971600510977', '首页轮播图', '/liteconfig/LiteConfigSlideList', 'liteconfig/LiteConfigSlideList', null, null, '1', null, '1', '3.00', '0', null, '1', '1', '0', '0', null, 'admin', '2020-05-06 11:04:07', 'admin', '2020-05-14 18:31:52', '0', '0', '1', '0');
INSERT INTO `sys_permission` VALUES ('1259723200428220417', '', 'API接口日志', '/litelog', 'layouts/RouteView', null, null, '0', null, '1', '3.00', '0', 'bars', '1', '0', '0', '0', null, 'admin', '2020-05-11 13:53:10', 'admin', '2020-09-14 17:09:04', '0', '0', '1', '0');
INSERT INTO `sys_permission` VALUES ('1259723330715885570', '1259723200428220417', '接口日志记录', '/litelog/LiteApiLogList', 'litelog/LiteApiLogList', null, null, '1', null, '1', '1.00', '0', null, '1', '1', '0', '0', null, 'admin', '2020-05-11 13:53:41', null, null, '0', '0', '1', '0');
INSERT INTO `sys_permission` VALUES ('1260880651915599873', '1257867971600510977', '刷新文案', '/liteconfig/LiteConfigCopywriteList', 'liteconfig/LiteConfigCopywriteList', null, null, '1', null, '1', '4.00', '0', null, '1', '1', '0', '0', null, 'admin', '2020-05-14 18:32:28', null, null, '0', '0', '1', '0');
INSERT INTO `sys_permission` VALUES ('1260881439480061953', null, 'LOGO图库', '/imageclassify', 'layouts/RouteView', null, null, '0', null, '1', '2.00', '0', 'trademark', '1', '0', '0', '0', null, 'admin', '2020-05-14 18:35:36', null, null, '0', '0', '1', '0');
INSERT INTO `sys_permission` VALUES ('1260881589204131841', '1260881439480061953', 'LOGO图库管理', '/imageclassify/LogoExamineRecordList', 'imageclassify/LogoExamineRecordList', null, null, '1', null, '1', '1.00', '0', null, '1', '1', '0', '0', null, 'admin', '2020-05-14 18:36:12', null, null, '0', '0', '1', '0');
INSERT INTO `sys_permission` VALUES ('1301788484454248449', '', '人脸融合管理', '/faceeffectsmerge', 'layouts/RouteView', null, null, '0', null, '1', '4.00', '0', 'robot', '1', '0', '0', '0', null, 'admin', '2020-09-04 15:45:35', 'admin', '2020-09-04 16:30:09', '0', '0', '1', '0');
INSERT INTO `sys_permission` VALUES ('1301788622069362689', '1301788484454248449', '模板图管理', '/faceeffects/FaceEffectsMergeTemplateList', 'faceeffects/FaceEffectsMergeTemplateList', null, null, '1', null, '1', '1.00', '0', null, '1', '1', '0', '0', null, 'admin', '2020-09-04 15:46:08', null, null, '0', '0', '1', '0');
INSERT INTO `sys_permission` VALUES ('1301799351757496322', '', '虚拟换妆管理', '/faceeffectstransfer', 'layouts/RouteView', null, null, '0', null, '1', '5.00', '0', 'robot', '1', '0', '0', '0', null, 'admin', '2020-09-04 16:28:46', 'admin', '2020-09-04 16:30:20', '0', '0', '1', '0');
INSERT INTO `sys_permission` VALUES ('1301799485308329985', '1301799351757496322', '模板图管理', '/faceeffects/FaceEffectsTransferTemplateList', 'faceeffects/FaceEffectsTransferTemplateList', null, null, '1', null, '1', '1.00', '0', null, '1', '1', '0', '0', null, 'admin', '2020-09-04 16:29:18', null, null, '0', '0', '1', '0');
INSERT INTO `sys_permission` VALUES ('1303959716456996866', null, '微信账号管理', '/weixin', 'layouts/RouteView', null, null, '0', null, '1', '5.00', '0', 'wechat', '1', '0', '0', '0', null, 'admin', '2020-09-10 15:33:17', null, null, '0', '0', '1', '0');
INSERT INTO `sys_permission` VALUES ('1303959835520704513', '1303959716456996866', '微信账号', '/weixin/WeixinAccountList', 'weixin/WeixinAccountList', null, null, '1', null, '1', '1.00', '0', null, '1', '0', '0', '0', null, 'admin', '2020-09-10 15:33:46', null, null, '0', '0', '1', '0');
INSERT INTO `sys_permission` VALUES ('1303961104608043010', '1303959835520704513', '添加', null, null, null, null, '2', 'wxa:add', '1', '1.00', '0', null, '1', '1', '0', '0', null, 'admin', '2020-09-10 15:38:48', null, null, '0', '0', '1', '0');
INSERT INTO `sys_permission` VALUES ('1305433481783218178', null, '微信用户管理', '/liteuser', 'layouts/RouteView', null, null, '0', null, '1', '6.00', '0', null, '1', '0', '0', '0', null, 'admin', '2020-09-14 17:09:30', null, null, '0', '0', '1', '0');
INSERT INTO `sys_permission` VALUES ('1305433618085515266', '1305433481783218178', '微信用户管理', '/liteuser/LiteUserInfoList', 'liteuser/LiteUserInfoList', null, null, '1', null, '1', '1.00', '0', null, '1', '1', '0', '0', null, 'admin', '2020-09-14 17:10:03', null, null, '0', '0', '1', '0');
INSERT INTO `sys_permission` VALUES ('1367a93f2c410b169faa7abcbad2f77c', '6e73eb3c26099c191bf03852ee1310a1', '基本设置', '/account/settings/base', 'account/settings/BaseSetting', null, null, '1', 'BaseSettings', null, null, '0', null, '1', '1', null, '1', null, null, '2018-12-26 18:58:35', 'admin', '2019-03-20 12:57:31', '0', '0', null, null);
INSERT INTO `sys_permission` VALUES ('190c2b43bec6a5f7a4194a85db67d96a', 'd7d6e2e4e2934f2c9385a623fd98c6f3', '角色管理', '/isystem/roleUserList', 'system/RoleUserList', null, null, '1', null, null, '1.20', '0', null, '1', '1', '0', '0', null, 'admin', '2019-04-17 15:13:56', 'admin', '2019-12-25 09:36:31', '0', '0', null, '0');
INSERT INTO `sys_permission` VALUES ('1a0811914300741f4e11838ff37a1d3a', '3f915b2769fc80648e92d04e84ca059d', '手机号禁用', null, null, null, null, '2', 'user:form:phone', '2', '1.00', '0', null, '0', '1', null, '0', null, 'admin', '2019-05-11 17:19:30', 'admin', '2019-05-11 18:00:22', '0', '0', '1', null);
INSERT INTO `sys_permission` VALUES ('2dbbafa22cda07fa5d169d741b81fe12', '08e6b9dc3c04489c8e1ff2ce6f105aa4', '在线文档', '{{ window._CONFIG[\'domianURL\'] }}/doc.html', 'layouts/IframePageView', null, null, '1', null, null, '3.00', '0', null, '1', '1', null, '0', null, 'admin', '2019-01-30 10:00:01', 'admin', '2019-03-23 19:44:43', '0', '0', null, null);
INSERT INTO `sys_permission` VALUES ('3f915b2769fc80648e92d04e84ca059d', 'd7d6e2e4e2934f2c9385a623fd98c6f3', '用户管理', '/isystem/user', 'system/UserList', null, null, '1', null, null, '1.10', '0', null, '1', '0', '0', '0', null, null, '2018-12-25 20:34:38', 'admin', '2019-12-25 09:36:24', '0', '0', null, '0');
INSERT INTO `sys_permission` VALUES ('45c966826eeff4c99b8f8ebfe74511fc', 'd7d6e2e4e2934f2c9385a623fd98c6f3', '部门管理', '/isystem/depart', 'system/DepartList', null, null, '1', null, null, '1.40', '0', null, '1', '1', '0', '0', null, 'admin', '2019-01-29 18:47:40', 'admin', '2019-12-25 09:36:47', '0', '0', null, '0');
INSERT INTO `sys_permission` VALUES ('4f66409ef3bbd69c1d80469d6e2a885e', '6e73eb3c26099c191bf03852ee1310a1', '账户绑定', '/account/settings/binding', 'account/settings/Binding', null, null, '1', 'BindingSettings', null, null, null, null, '1', '1', null, null, null, null, '2018-12-26 19:01:20', null, null, '0', '0', null, null);
INSERT INTO `sys_permission` VALUES ('53a9230444d33de28aa11cc108fb1dba', '5c8042bd6c601270b2bbd9b20bccc68b', '我的消息', '/isps/userAnnouncement', 'system/UserAnnouncementList', null, null, '1', null, null, '3.00', '0', null, '1', '1', '0', '0', null, 'admin', '2019-04-19 10:16:00', 'admin', '2019-12-25 09:54:34', '0', '0', null, '0');
INSERT INTO `sys_permission` VALUES ('54dd5457a3190740005c1bfec55b1c34', 'd7d6e2e4e2934f2c9385a623fd98c6f3', '菜单管理', '/isystem/permission', 'system/PermissionList', null, null, '1', null, null, '1.30', '0', null, '1', '1', '0', '0', null, null, '2018-12-25 20:34:38', 'admin', '2019-12-25 09:36:39', '0', '0', null, '0');
INSERT INTO `sys_permission` VALUES ('58857ff846e61794c69208e9d3a85466', '08e6b9dc3c04489c8e1ff2ce6f105aa4', '日志管理', '/isystem/log', 'system/LogList', null, null, '1', null, null, '1.00', '0', '', '1', '1', null, '0', null, null, '2018-12-26 10:11:18', 'admin', '2019-04-02 11:38:17', '0', '0', null, null);
INSERT INTO `sys_permission` VALUES ('5c2f42277948043026b7a14692456828', 'd7d6e2e4e2934f2c9385a623fd98c6f3', '我的部门', '/isystem/departUserList', 'system/DepartUserList', null, null, '1', null, null, '2.00', '0', null, '1', '1', '0', '0', null, 'admin', '2019-04-17 15:12:24', 'admin', '2019-12-25 09:35:26', '0', '0', null, '0');
INSERT INTO `sys_permission` VALUES ('5c8042bd6c601270b2bbd9b20bccc68b', '', '消息中心', '/message', 'layouts/RouteView', null, null, '0', null, null, '7.00', '0', 'message', '1', '0', '0', '0', null, 'admin', '2019-04-09 11:05:04', 'admin', '2020-05-06 13:59:40', '0', '0', null, '0');
INSERT INTO `sys_permission` VALUES ('6e73eb3c26099c191bf03852ee1310a1', '717f6bee46f44a3897eca9abd6e2ec44', '个人设置', '/account/settings/base', 'account/settings/Index', null, null, '1', null, null, '2.00', '1', null, '1', '0', null, '0', null, null, '2018-12-25 20:34:38', 'admin', '2019-04-19 09:41:05', '0', '0', null, null);
INSERT INTO `sys_permission` VALUES ('700b7f95165c46cc7a78bf227aa8fed3', '08e6b9dc3c04489c8e1ff2ce6f105aa4', '性能监控', '/monitor', 'layouts/RouteView', null, null, '1', null, null, '0.00', '0', null, '1', '0', null, '0', null, 'admin', '2019-04-02 11:34:34', 'admin', '2019-05-05 17:49:47', '0', '0', null, null);
INSERT INTO `sys_permission` VALUES ('717f6bee46f44a3897eca9abd6e2ec44', '', '个人页', '/account', 'layouts/RouteView', null, null, '0', null, null, '8.00', '0', 'user', '1', '0', '0', '1', null, null, '2018-12-25 20:34:38', 'admin', '2020-05-06 13:59:44', '0', '0', null, '0');
INSERT INTO `sys_permission` VALUES ('7593c9e3523a17bca83b8d7fe8a34e58', '3f915b2769fc80648e92d04e84ca059d', '添加用户按钮', '', null, null, null, '2', 'user:add', '1', '1.00', '0', null, '1', '1', null, '0', null, 'admin', '2019-03-16 11:20:33', 'admin', '2019-05-17 18:31:25', '0', '0', '1', null);
INSERT INTO `sys_permission` VALUES ('841057b8a1bef8f6b4b20f9a618a7fa6', '08e6b9dc3c04489c8e1ff2ce6f105aa4', '数据日志', '/sys/dataLog-list', 'system/DataLogList', null, null, '1', null, null, '1.00', '0', null, '1', '1', null, '0', null, 'admin', '2019-03-11 19:26:49', 'admin', '2019-03-12 11:40:47', '0', '0', null, null);
INSERT INTO `sys_permission` VALUES ('882a73768cfd7f78f3a37584f7299656', '6e73eb3c26099c191bf03852ee1310a1', '个性化设置', '/account/settings/custom', 'account/settings/Custom', null, null, '1', 'CustomSettings', null, null, null, null, '1', '1', null, null, null, null, '2018-12-26 19:00:46', null, '2018-12-26 21:13:25', '0', '0', null, null);
INSERT INTO `sys_permission` VALUES ('8b3bff2eee6f1939147f5c68292a1642', '700b7f95165c46cc7a78bf227aa8fed3', '服务器信息', '/monitor/SystemInfo', 'modules/monitor/SystemInfo', null, null, '1', null, null, '4.00', '0', null, '1', '1', null, '0', null, 'admin', '2019-04-02 11:39:19', 'admin', '2019-04-02 15:40:02', '0', '0', null, null);
INSERT INTO `sys_permission` VALUES ('8d1ebd663688965f1fd86a2f0ead3416', '700b7f95165c46cc7a78bf227aa8fed3', 'Redis监控', '/monitor/redis/info', 'modules/monitor/RedisInfo', null, null, '1', null, null, '1.00', '0', null, '1', '1', null, '0', null, 'admin', '2019-04-02 13:11:33', 'admin', '2019-05-07 15:18:54', '0', '0', null, null);
INSERT INTO `sys_permission` VALUES ('8fb8172747a78756c11916216b8b8066', '717f6bee46f44a3897eca9abd6e2ec44', '工作台', '/dashboard/workplace', 'dashboard/Workplace', null, null, '1', null, null, '3.00', '0', null, '1', '1', null, '0', null, null, '2018-12-25 20:34:38', 'admin', '2019-04-02 11:45:02', '0', '0', null, null);
INSERT INTO `sys_permission` VALUES ('944abf0a8fc22fe1f1154a389a574154', '5c8042bd6c601270b2bbd9b20bccc68b', '消息管理', '/modules/message/sysMessageList', 'modules/message/SysMessageList', null, null, '1', null, null, '1.00', '0', null, '1', '1', null, '0', null, 'admin', '2019-04-09 11:27:53', 'admin', '2019-04-09 19:31:23', '0', '0', null, null);
INSERT INTO `sys_permission` VALUES ('9502685863ab87f0ad1134142788a385', '', '首页', '/dashboard/analysis', 'dashboard/Analysis', null, null, '0', null, null, '0.00', '0', 'home', '1', '1', null, '0', null, null, '2018-12-25 20:34:38', 'admin', '2019-03-29 11:04:13', '0', '0', null, null);
INSERT INTO `sys_permission` VALUES ('97c8629abc7848eccdb6d77c24bb3ebb', '700b7f95165c46cc7a78bf227aa8fed3', '磁盘监控', '/monitor/Disk', 'modules/monitor/DiskMonitoring', null, null, '1', null, null, '6.00', '0', null, '1', '1', null, '0', null, 'admin', '2019-04-25 14:30:06', 'admin', '2019-05-05 14:37:14', '0', '0', null, null);
INSERT INTO `sys_permission` VALUES ('9cb91b8851db0cf7b19d7ecc2a8193dd', '1939e035e803a99ceecb6f5563570fb2', '我的任务表单', '/modules/bpm/task/form/FormModule', 'modules/bpm/task/form/FormModule', null, null, '1', null, null, '1.00', '0', null, '1', '1', null, '0', null, 'admin', '2019-03-08 16:49:05', 'admin', '2019-03-08 18:37:56', '0', '0', null, null);
INSERT INTO `sys_permission` VALUES ('aedbf679b5773c1f25e9f7b10111da73', '08e6b9dc3c04489c8e1ff2ce6f105aa4', 'SQL监控', '{{ window._CONFIG[\'domianURL\'] }}/druid/', 'layouts/IframePageView', null, null, '1', null, null, '1.00', '0', null, '1', '1', null, '0', null, 'admin', '2019-01-30 09:43:22', 'admin', '2019-03-23 19:00:46', '0', '0', null, null);
INSERT INTO `sys_permission` VALUES ('b1cb0a3fedf7ed0e4653cb5a229837ee', '08e6b9dc3c04489c8e1ff2ce6f105aa4', '定时任务', '/isystem/QuartzJobList', 'system/QuartzJobList', null, null, '1', null, null, '3.00', '0', null, '1', '1', null, '0', null, null, '2019-01-03 09:38:52', 'admin', '2019-04-02 10:24:13', '0', '0', null, null);
INSERT INTO `sys_permission` VALUES ('b6bcee2ccc854052d3cc3e9c96d90197', '71102b3b87fb07e5527bbd2c530dd90a', '加班申请', '/modules/extbpm/joa/JoaOvertimeList', 'modules/extbpm/joa/JoaOvertimeList', null, null, '1', null, null, '1.00', '0', null, '1', '1', null, '0', null, 'admin', '2019-04-03 15:33:10', 'admin', '2019-04-03 15:34:48', '0', '0', null, null);
INSERT INTO `sys_permission` VALUES ('d07a2c87a451434c99ab06296727ec4f', '700b7f95165c46cc7a78bf227aa8fed3', 'JVM信息', '/monitor/JvmInfo', 'modules/monitor/JvmInfo', null, null, '1', null, null, '4.00', '0', null, '1', '1', null, '0', null, 'admin', '2019-04-01 23:07:48', 'admin', '2019-04-02 11:37:16', '0', '0', null, null);
INSERT INTO `sys_permission` VALUES ('d7d6e2e4e2934f2c9385a623fd98c6f3', '', '系统管理', '/isystem', 'layouts/RouteView', null, null, '0', null, null, '5.00', '0', 'setting', '1', '0', '0', '0', null, null, '2018-12-25 20:34:38', 'admin', '2020-05-06 13:59:35', '0', '0', null, '0');
INSERT INTO `sys_permission` VALUES ('d86f58e7ab516d3bc6bfb1fe10585f97', '717f6bee46f44a3897eca9abd6e2ec44', '个人中心', '/account/center', 'account/center/Index', null, null, '1', null, null, '1.00', null, null, '1', '1', null, null, null, null, '2018-12-25 20:34:38', null, null, '0', '0', null, null);
INSERT INTO `sys_permission` VALUES ('e08cb190ef230d5d4f03824198773950', 'd7d6e2e4e2934f2c9385a623fd98c6f3', '系统通告', '/isystem/annountCement', 'system/SysAnnouncementList', null, null, '1', 'annountCement', null, '6.00', null, '', '1', '1', null, null, null, null, '2019-01-02 17:23:01', null, '2019-01-02 17:31:23', '0', '0', null, null);
INSERT INTO `sys_permission` VALUES ('ebb9d82ea16ad864071158e0c449d186', 'd7d6e2e4e2934f2c9385a623fd98c6f3', '分类字典', '/isys/category', 'system/SysCategoryList', null, null, '1', null, '1', '5.20', '0', null, '1', '1', '0', '0', null, 'admin', '2019-05-29 18:48:07', 'admin', '2020-02-23 22:45:33', '0', '0', '1', '0');
INSERT INTO `sys_permission` VALUES ('ec8d607d0156e198b11853760319c646', '6e73eb3c26099c191bf03852ee1310a1', '安全设置', '/account/settings/security', 'account/settings/Security', null, null, '1', 'SecuritySettings', null, null, null, null, '1', '1', null, null, null, null, '2018-12-26 18:59:52', null, null, '0', '0', null, null);
INSERT INTO `sys_permission` VALUES ('f1cb187abf927c88b89470d08615f5ac', 'd7d6e2e4e2934f2c9385a623fd98c6f3', '数据字典', '/isystem/dict', 'system/DictList', null, null, '1', null, null, '5.00', '0', null, '1', '1', '0', '0', null, null, '2018-12-28 13:54:43', 'admin', '2020-02-23 22:45:25', '0', '0', null, '0');
INSERT INTO `sys_permission` VALUES ('f780d0d3083d849ccbdb1b1baee4911d', '5c8042bd6c601270b2bbd9b20bccc68b', '模板管理', '/modules/message/sysMessageTemplateList', 'modules/message/SysMessageTemplateList', null, null, '1', null, null, '1.00', '0', null, '1', '1', null, '0', null, 'admin', '2019-04-09 11:50:31', 'admin', '2019-04-12 10:16:34', '0', '0', null, null);
INSERT INTO `sys_permission` VALUES ('fc810a2267dd183e4ef7c71cc60f4670', '700b7f95165c46cc7a78bf227aa8fed3', '请求追踪', '/monitor/HttpTrace', 'modules/monitor/HttpTrace', null, null, '1', null, null, '4.00', '0', null, '1', '1', null, '0', null, 'admin', '2019-04-02 09:46:19', 'admin', '2019-04-02 11:37:27', '0', '0', null, null);
INSERT INTO `sys_permission` VALUES ('fedfbf4420536cacc0218557d263dfea', '6e73eb3c26099c191bf03852ee1310a1', '新消息通知', '/account/settings/notification', 'account/settings/Notification', null, null, '1', 'NotificationSettings', null, null, null, '', '1', '1', null, null, null, null, '2018-12-26 19:02:05', null, null, '0', '0', null, null);

-- ----------------------------
-- Table structure for sys_permission_data_rule
-- ----------------------------
DROP TABLE IF EXISTS `sys_permission_data_rule`;
CREATE TABLE `sys_permission_data_rule` (
  `id` varchar(32) NOT NULL COMMENT 'ID',
  `permission_id` varchar(32) DEFAULT NULL COMMENT '菜单ID',
  `rule_name` varchar(50) DEFAULT NULL COMMENT '规则名称',
  `rule_column` varchar(50) DEFAULT NULL COMMENT '字段',
  `rule_conditions` varchar(50) DEFAULT NULL COMMENT '条件',
  `rule_value` varchar(300) DEFAULT NULL COMMENT '规则值',
  `status` varchar(3) DEFAULT NULL COMMENT '权限有效状态1有0否',
  `create_time` datetime DEFAULT NULL COMMENT '创建时间',
  `create_by` varchar(32) DEFAULT NULL,
  `update_time` datetime DEFAULT NULL COMMENT '修改时间',
  `update_by` varchar(32) DEFAULT NULL COMMENT '修改人',
  PRIMARY KEY (`id`) USING BTREE,
  KEY `index_fucntionid` (`permission_id`) USING BTREE
) ENGINE=InnoDB DEFAULT CHARSET=utf8 ROW_FORMAT=DYNAMIC;

-- ----------------------------
-- Records of sys_permission_data_rule
-- ----------------------------
INSERT INTO `sys_permission_data_rule` VALUES ('40283181614231d401614234fe670003', '40283181614231d401614232cd1c0001', 'createBy', 'createBy', '=', '#{sys_user_code}', '1', '2018-01-29 21:57:04', 'admin', null, null);
INSERT INTO `sys_permission_data_rule` VALUES ('4028318161424e730161424fca6f0004', '4028318161424e730161424f61510002', 'createBy', 'createBy', '=', '#{sys_user_code}', '1', '2018-01-29 22:26:20', 'admin', null, null);
INSERT INTO `sys_permission_data_rule` VALUES ('402880e6487e661a01487e732c020005', '402889fb486e848101486e93a7c80014', 'SYS_ORG_CODE', 'SYS_ORG_CODE', 'LIKE', '010201%', '1', '2014-09-16 20:32:30', 'admin', null, null);
INSERT INTO `sys_permission_data_rule` VALUES ('402880e6487e661a01487e8153ee0007', '402889fb486e848101486e93a7c80014', 'create_by', 'create_by', '', '#{SYS_USER_CODE}', '1', '2014-09-16 20:47:57', 'admin', null, null);
INSERT INTO `sys_permission_data_rule` VALUES ('402880ec5ddec439015ddf9225060038', '40288088481d019401481d2fcebf000d', '复杂关系', '', 'USE_SQL_RULES', 'name like \'%张%\' or age > 10', '1', null, null, '2017-08-14 15:10:25', 'demo');
INSERT INTO `sys_permission_data_rule` VALUES ('402880ec5ddfdd26015ddfe3e0570011', '4028ab775dca0d1b015dca3fccb60016', '复杂sql配置', '', 'USE_SQL_RULES', 'table_name like \'%test%\' or is_tree = \'Y\'', '1', null, null, '2017-08-14 16:38:55', 'demo');
INSERT INTO `sys_permission_data_rule` VALUES ('402880f25b1e2ac7015b1e5fdebc0012', '402880f25b1e2ac7015b1e5cdc340010', '只能看自己数据', 'create_by', '=', '#{sys_user_code}', '1', '2017-03-30 16:40:51', 'admin', null, null);
INSERT INTO `sys_permission_data_rule` VALUES ('402881875b19f141015b19f8125e0014', '40288088481d019401481d2fcebf000d', '可看下属业务数据', 'sys_org_code', 'LIKE', '#{sys_org_code}', '1', null, null, '2017-08-14 15:04:32', 'demo');
INSERT INTO `sys_permission_data_rule` VALUES ('402881e45394d66901539500a4450001', '402881e54df73c73014df75ab670000f', 'sysCompanyCode', 'sysCompanyCode', '=', '#{SYS_COMPANY_CODE}', '1', '2016-03-21 01:09:21', 'admin', null, null);
INSERT INTO `sys_permission_data_rule` VALUES ('402881e45394d6690153950177cb0003', '402881e54df73c73014df75ab670000f', 'sysOrgCode', 'sysOrgCode', '=', '#{SYS_ORG_CODE}', '1', '2016-03-21 01:10:15', 'admin', null, null);
INSERT INTO `sys_permission_data_rule` VALUES ('402881e56266f43101626727aff60067', '402881e56266f43101626724eb730065', '销售自己看自己的数据', 'createBy', '=', '#{sys_user_code}', '1', '2018-03-27 19:11:16', 'admin', null, null);
INSERT INTO `sys_permission_data_rule` VALUES ('402881e56266f4310162672fb1a70082', '402881e56266f43101626724eb730065', '销售经理看所有下级数据', 'sysOrgCode', 'LIKE', '#{sys_org_code}', '1', '2018-03-27 19:20:01', 'admin', null, null);
INSERT INTO `sys_permission_data_rule` VALUES ('402881e56266f431016267387c9f0088', '402881e56266f43101626724eb730065', '只看金额大于1000的数据', 'money', '>=', '1000', '1', '2018-03-27 19:29:37', 'admin', null, null);
INSERT INTO `sys_permission_data_rule` VALUES ('402881f3650de25101650dfb5a3a0010', '402881e56266f4310162671d62050044', '22', '', 'USE_SQL_RULES', '22', '1', '2018-08-06 14:45:01', 'admin', null, null);
INSERT INTO `sys_permission_data_rule` VALUES ('402889fb486e848101486e913cd6000b', '402889fb486e848101486e8e2e8b0007', 'userName', 'userName', '=', 'admin', '1', '2014-09-13 18:31:25', 'admin', null, null);
INSERT INTO `sys_permission_data_rule` VALUES ('402889fb486e848101486e98d20d0016', '402889fb486e848101486e93a7c80014', 'title', 'title', '=', '12', '1', null, null, '2014-09-13 22:18:22', 'scott');
INSERT INTO `sys_permission_data_rule` VALUES ('402889fe47fcb29c0147fcb6b6220001', '8a8ab0b246dc81120146dc8180fe002b', '12', '12', '>', '12', '1', '2014-08-22 15:55:38', '8a8ab0b246dc81120146dc8181950052', null, null);
INSERT INTO `sys_permission_data_rule` VALUES ('4028ab775dca0d1b015dca4183530018', '4028ab775dca0d1b015dca3fccb60016', '表名限制', 'isDbSynch', '=', 'Y', '1', null, null, '2017-08-14 16:43:45', 'demo');
INSERT INTO `sys_permission_data_rule` VALUES ('4028ef815595a881015595b0ccb60001', '40288088481d019401481d2fcebf000d', '限只能看自己', 'create_by', '=', '#{sys_user_code}', '1', null, null, '2017-08-14 15:03:56', 'demo');
INSERT INTO `sys_permission_data_rule` VALUES ('4028ef81574ae99701574aed26530005', '4028ef81574ae99701574aeb97bd0003', '用户名', 'userName', '!=', 'admin', '1', '2016-09-21 12:07:18', 'admin', null, null);
INSERT INTO `sys_permission_data_rule` VALUES ('53609e1854f4a87eb23ed23a18a1042c', '4148ec82b6acd69f470bea75fe41c357', '只看当前部门数据', 'sysOrgCode', '=', '#{sys_org_code}', '1', '2019-05-11 19:40:39', 'admin', '2019-05-11 19:40:50', 'admin');
INSERT INTO `sys_permission_data_rule` VALUES ('a7d661ef5ac168b2b162420c6804dac5', '4148ec82b6acd69f470bea75fe41c357', '只看自己的数据', 'createBy', '=', '#{sys_user_code}', '1', '2019-05-11 19:19:05', 'admin', '2019-05-11 19:24:58', 'admin');
INSERT INTO `sys_permission_data_rule` VALUES ('f852d85d47f224990147f2284c0c0005', null, '小于', 'test', '<=', '11', '1', '2014-08-20 14:43:52', '8a8ab0b246dc81120146dc8181950052', null, null);

-- ----------------------------
-- Table structure for sys_position
-- ----------------------------
DROP TABLE IF EXISTS `sys_position`;
CREATE TABLE `sys_position` (
  `id` varchar(32) NOT NULL,
  `code` varchar(100) DEFAULT NULL COMMENT '职务编码',
  `name` varchar(100) DEFAULT NULL COMMENT '职务名称',
  `post_rank` varchar(2) DEFAULT NULL COMMENT '职级',
  `company_id` varchar(255) DEFAULT NULL COMMENT '公司id',
  `create_by` varchar(50) DEFAULT NULL COMMENT '创建人',
  `create_time` datetime DEFAULT NULL COMMENT '创建时间',
  `update_by` varchar(50) DEFAULT NULL COMMENT '修改人',
  `update_time` datetime DEFAULT NULL COMMENT '修改时间',
  `sys_org_code` varchar(50) DEFAULT NULL COMMENT '组织机构编码',
  PRIMARY KEY (`id`) USING BTREE
) ENGINE=InnoDB DEFAULT CHARSET=utf8 ROW_FORMAT=DYNAMIC;

-- ----------------------------
-- Records of sys_position
-- ----------------------------
INSERT INTO `sys_position` VALUES ('1185040064792571906', 'devleader', '研发部经理', '2', null, 'admin', '2019-10-18 11:49:03', 'admin', '2020-02-23 22:55:42', 'A01');

-- ----------------------------
-- Table structure for sys_quartz_job
-- ----------------------------
DROP TABLE IF EXISTS `sys_quartz_job`;
CREATE TABLE `sys_quartz_job` (
  `id` varchar(32) NOT NULL,
  `create_by` varchar(32) DEFAULT NULL COMMENT '创建人',
  `create_time` datetime DEFAULT NULL COMMENT '创建时间',
  `del_flag` int(1) DEFAULT NULL COMMENT '删除状态',
  `update_by` varchar(32) DEFAULT NULL COMMENT '修改人',
  `update_time` datetime DEFAULT NULL COMMENT '修改时间',
  `job_class_name` varchar(255) DEFAULT NULL COMMENT '任务类名',
  `cron_expression` varchar(255) DEFAULT NULL COMMENT 'cron表达式',
  `parameter` varchar(255) DEFAULT NULL COMMENT '参数',
  `description` varchar(255) DEFAULT NULL COMMENT '描述',
  `status` int(1) DEFAULT NULL COMMENT '状态 0正常 -1停止',
  PRIMARY KEY (`id`) USING BTREE
) ENGINE=MyISAM DEFAULT CHARSET=utf8 ROW_FORMAT=DYNAMIC;

-- ----------------------------
-- Records of sys_quartz_job
-- ----------------------------
INSERT INTO `sys_quartz_job` VALUES ('1305400066975342593', 'admin', '2020-09-14 14:56:44', '0', 'admin', '2020-09-14 18:05:52', 'cn.ydxiaoshuai.modules.quartz.job.ToutiaoJob', '0 0 0/2 * * ? *', null, '2小时更新一次头条token', '-1');
INSERT INTO `sys_quartz_job` VALUES ('1305400427966615554', 'admin', '2020-09-14 14:58:08', '0', null, null, 'cn.ydxiaoshuai.modules.quartz.job.LiteApiLogJob', '0/10 * * * * ? *', null, 'API日志10秒执行一次', '-1');
INSERT INTO `sys_quartz_job` VALUES ('1305401438324084737', 'admin', '2020-09-14 15:02:09', '0', 'admin', '2020-10-09 09:44:51', 'cn.ydxiaoshuai.modules.quartz.job.WeiXinAccessTokenJob', '0 0 0/2 * * ? *', null, '2小时更新一次微信token', '-1');
INSERT INTO `sys_quartz_job` VALUES ('1305429220903018497', 'admin', '2020-09-14 16:52:35', '0', 'admin', '2020-09-14 17:39:16', 'cn.ydxiaoshuai.modules.quartz.job.LiteUserJob', '0 0 1 * * ? *', null, '用户注册天数更新', '-1');
INSERT INTO `sys_quartz_job` VALUES ('1314381631134859265', 'admin', '2020-10-09 09:46:16', '0', 'admin', '2020-10-09 09:48:55', 'cn.ydxiaoshuai.modules.quartz.job.RollStartImgJob', '0 50 9 9 10 ? 2020', '123456,789456', '测试', '0');

-- ----------------------------
-- Table structure for sys_role
-- ----------------------------
DROP TABLE IF EXISTS `sys_role`;
CREATE TABLE `sys_role` (
  `id` varchar(32) NOT NULL COMMENT '主键id',
  `role_name` varchar(200) DEFAULT NULL COMMENT '角色名称',
  `role_code` varchar(100) NOT NULL COMMENT '角色编码',
  `description` varchar(255) DEFAULT NULL COMMENT '描述',
  `create_by` varchar(32) DEFAULT NULL COMMENT '创建人',
  `create_time` datetime DEFAULT NULL COMMENT '创建时间',
  `update_by` varchar(32) DEFAULT NULL COMMENT '更新人',
  `update_time` datetime DEFAULT NULL COMMENT '更新时间',
  PRIMARY KEY (`id`) USING BTREE,
  UNIQUE KEY `uniq_sys_role_role_code` (`role_code`) USING BTREE
) ENGINE=InnoDB DEFAULT CHARSET=utf8 ROW_FORMAT=DYNAMIC COMMENT='角色表';

-- ----------------------------
-- Records of sys_role
-- ----------------------------
INSERT INTO `sys_role` VALUES ('f6817f48af4fb3af11b9e8bf182f618b', '管理员', 'admin', '管理员', null, '2018-12-21 18:03:39', 'admin', '2019-05-20 11:40:26');

-- ----------------------------
-- Table structure for sys_role_permission
-- ----------------------------
DROP TABLE IF EXISTS `sys_role_permission`;
CREATE TABLE `sys_role_permission` (
  `id` varchar(32) NOT NULL,
  `role_id` varchar(32) DEFAULT NULL COMMENT '角色id',
  `permission_id` varchar(32) DEFAULT NULL COMMENT '权限id',
  `data_rule_ids` varchar(1000) DEFAULT NULL,
  PRIMARY KEY (`id`) USING BTREE,
  KEY `index_group_role_per_id` (`role_id`,`permission_id`) USING BTREE,
  KEY `index_group_role_id` (`role_id`) USING BTREE,
  KEY `index_group_per_id` (`permission_id`) USING BTREE
) ENGINE=InnoDB DEFAULT CHARSET=utf8 ROW_FORMAT=DYNAMIC COMMENT='角色权限表';

-- ----------------------------
-- Records of sys_role_permission
-- ----------------------------
INSERT INTO `sys_role_permission` VALUES ('00b0748f04d3ea52c8cfa179c1c9d384', '52b0cf022ac4187b2a70dfa4f8b2d940', 'd7d6e2e4e2934f2c9385a623fd98c6f3', null);
INSERT INTO `sys_role_permission` VALUES ('00b82058779cca5106fbb84783534c9b', 'f6817f48af4fb3af11b9e8bf182f618b', '4148ec82b6acd69f470bea75fe41c357', null);
INSERT INTO `sys_role_permission` VALUES ('0254c0b25694ad5479e6d6935bbc176e', 'f6817f48af4fb3af11b9e8bf182f618b', '944abf0a8fc22fe1f1154a389a574154', null);
INSERT INTO `sys_role_permission` VALUES ('09bd4fc30ffe88c4a44ed3868f442719', 'f6817f48af4fb3af11b9e8bf182f618b', 'e6bfd1fcabfd7942fdd05f076d1dad38', null);
INSERT INTO `sys_role_permission` VALUES ('0c2d2db76ee3aa81a4fe0925b0f31365', 'f6817f48af4fb3af11b9e8bf182f618b', '024f1fd1283dc632458976463d8984e1', null);
INSERT INTO `sys_role_permission` VALUES ('0c6b8facbb1cc874964c87a8cf01e4b1', 'f6817f48af4fb3af11b9e8bf182f618b', '841057b8a1bef8f6b4b20f9a618a7fa6', null);
INSERT INTO `sys_role_permission` VALUES ('0c6e1075e422972083c3e854d9af7851', 'f6817f48af4fb3af11b9e8bf182f618b', '08e6b9dc3c04489c8e1ff2ce6f105aa4', null);
INSERT INTO `sys_role_permission` VALUES ('0e1469997af2d3b97fff56a59ee29eeb', 'f6817f48af4fb3af11b9e8bf182f618b', 'e41b69c57a941a3bbcce45032fe57605', null);
INSERT INTO `sys_role_permission` VALUES ('0f861cb988fdc639bb1ab943471f3a72', 'f6817f48af4fb3af11b9e8bf182f618b', '97c8629abc7848eccdb6d77c24bb3ebb', null);
INSERT INTO `sys_role_permission` VALUES ('115a6673ae6c0816d3f60de221520274', '21c5a3187763729408b40afb0d0fdfa8', '63b551e81c5956d5c861593d366d8c57', null);
INSERT INTO `sys_role_permission` VALUES ('1185039870491439105', 'f6817f48af4fb3af11b9e8bf182f618b', '1174506953255182338', null);
INSERT INTO `sys_role_permission` VALUES ('1185039870529187841', 'f6817f48af4fb3af11b9e8bf182f618b', '1174590283938041857', null);
INSERT INTO `sys_role_permission` VALUES ('1185039870537576450', 'f6817f48af4fb3af11b9e8bf182f618b', '1166535831146504193', null);
INSERT INTO `sys_role_permission` VALUES ('1197431682208206850', 'f6817f48af4fb3af11b9e8bf182f618b', '1192318987661234177', null);
INSERT INTO `sys_role_permission` VALUES ('1197795315916271617', 'f6817f48af4fb3af11b9e8bf182f618b', '109c78a583d4693ce2f16551b7786786', null);
INSERT INTO `sys_role_permission` VALUES ('1197795316268593154', 'f6817f48af4fb3af11b9e8bf182f618b', '9fe26464838de2ea5e90f2367e35efa0', null);
INSERT INTO `sys_role_permission` VALUES ('1209423530518761473', 'f6817f48af4fb3af11b9e8bf182f618b', '1205097455226462210', null);
INSERT INTO `sys_role_permission` VALUES ('1209423530594258945', 'f6817f48af4fb3af11b9e8bf182f618b', '1205098241075453953', null);
INSERT INTO `sys_role_permission` VALUES ('1209423530606841858', 'f6817f48af4fb3af11b9e8bf182f618b', '1205306106780364802', null);
INSERT INTO `sys_role_permission` VALUES ('1209423580355481602', 'f6817f48af4fb3af11b9e8bf182f618b', '190c2b43bec6a5f7a4194a85db67d96a', null);
INSERT INTO `sys_role_permission` VALUES ('1209654501558046722', 'f6817f48af4fb3af11b9e8bf182f618b', 'f2849d3814fc97993bfc519ae6bbf049', null);
INSERT INTO `sys_role_permission` VALUES ('1231590078632955905', 'f6817f48af4fb3af11b9e8bf182f618b', '1224641973866467330', null);
INSERT INTO `sys_role_permission` VALUES ('1231590078658121729', 'f6817f48af4fb3af11b9e8bf182f618b', '1209731624921534465', null);
INSERT INTO `sys_role_permission` VALUES ('1231590078662316033', 'f6817f48af4fb3af11b9e8bf182f618b', '1229674163694841857', null);
INSERT INTO `sys_role_permission` VALUES ('1232190006825046018', 'f6817f48af4fb3af11b9e8bf182f618b', '1232189267486691329', null);
INSERT INTO `sys_role_permission` VALUES ('1232190006862794754', 'f6817f48af4fb3af11b9e8bf182f618b', '1232188929702612993', null);
INSERT INTO `sys_role_permission` VALUES ('1232520334244524033', 'f6817f48af4fb3af11b9e8bf182f618b', '1232516559874240513', null);
INSERT INTO `sys_role_permission` VALUES ('1232520334252912641', 'f6817f48af4fb3af11b9e8bf182f618b', '1232191559745130498', null);
INSERT INTO `sys_role_permission` VALUES ('1232520704299577346', 'f6817f48af4fb3af11b9e8bf182f618b', '1232520650587320322', null);
INSERT INTO `sys_role_permission` VALUES ('1233283942838693889', 'f6817f48af4fb3af11b9e8bf182f618b', '1233281857984303106', null);
INSERT INTO `sys_role_permission` VALUES ('1233283942855471106', 'f6817f48af4fb3af11b9e8bf182f618b', '1233281795380121601', null);
INSERT INTO `sys_role_permission` VALUES ('1255772005763174402', 'f6817f48af4fb3af11b9e8bf182f618b', '1255771390819487745', null);
INSERT INTO `sys_role_permission` VALUES ('1255772005771563009', 'f6817f48af4fb3af11b9e8bf182f618b', '1255771888297496577', null);
INSERT INTO `sys_role_permission` VALUES ('1255793806471872514', 'f6817f48af4fb3af11b9e8bf182f618b', '1255793618197954561', null);
INSERT INTO `sys_role_permission` VALUES ('1257869062786445314', 'f6817f48af4fb3af11b9e8bf182f618b', '1257867971600510977', null);
INSERT INTO `sys_role_permission` VALUES ('1257869062803222530', 'f6817f48af4fb3af11b9e8bf182f618b', '1257868389105725441', null);
INSERT INTO `sys_role_permission` VALUES ('1257869062803222531', 'f6817f48af4fb3af11b9e8bf182f618b', '1257868579711676417', null);
INSERT INTO `sys_role_permission` VALUES ('1257869062803222532', 'f6817f48af4fb3af11b9e8bf182f618b', '1257868719361028098', null);
INSERT INTO `sys_role_permission` VALUES ('1257914300078915586', 'f6817f48af4fb3af11b9e8bf182f618b', '1257912465389690882', null);
INSERT INTO `sys_role_permission` VALUES ('1257914300108275713', 'f6817f48af4fb3af11b9e8bf182f618b', '1257913088394829825', null);
INSERT INTO `sys_role_permission` VALUES ('1257914300116664321', 'f6817f48af4fb3af11b9e8bf182f618b', '1257912707271008258', null);
INSERT INTO `sys_role_permission` VALUES ('1257914300116664322', 'f6817f48af4fb3af11b9e8bf182f618b', '1257913200525352962', null);
INSERT INTO `sys_role_permission` VALUES ('1257939017020125185', 'f6817f48af4fb3af11b9e8bf182f618b', '1257938306244980738', null);
INSERT INTO `sys_role_permission` VALUES ('1257939017028513794', 'f6817f48af4fb3af11b9e8bf182f618b', '1257938421017915394', null);
INSERT INTO `sys_role_permission` VALUES ('1257939017028513795', 'f6817f48af4fb3af11b9e8bf182f618b', '1257938569055875073', null);
INSERT INTO `sys_role_permission` VALUES ('1257939017028513796', 'f6817f48af4fb3af11b9e8bf182f618b', '1257938780620763137', null);
INSERT INTO `sys_role_permission` VALUES ('1257939017028513797', 'f6817f48af4fb3af11b9e8bf182f618b', '1257938941715591169', null);
INSERT INTO `sys_role_permission` VALUES ('1258283061748191233', 'f6817f48af4fb3af11b9e8bf182f618b', '1258282971222528001', null);
INSERT INTO `sys_role_permission` VALUES ('1258637838516527105', 'f6817f48af4fb3af11b9e8bf182f618b', '1258637802432929793', null);
INSERT INTO `sys_role_permission` VALUES ('1259723375490080770', 'f6817f48af4fb3af11b9e8bf182f618b', '1259723200428220417', null);
INSERT INTO `sys_role_permission` VALUES ('1259723375506857986', 'f6817f48af4fb3af11b9e8bf182f618b', '1259723330715885570', null);
INSERT INTO `sys_role_permission` VALUES ('1260880849865777154', 'f6817f48af4fb3af11b9e8bf182f618b', '1260880651915599873', null);
INSERT INTO `sys_role_permission` VALUES ('1260881619751247873', 'f6817f48af4fb3af11b9e8bf182f618b', '1260881589204131841', null);
INSERT INTO `sys_role_permission` VALUES ('1260881619751247874', 'f6817f48af4fb3af11b9e8bf182f618b', '1260881439480061953', null);
INSERT INTO `sys_role_permission` VALUES ('126ea9faebeec2b914d6d9bef957afb6', 'f6817f48af4fb3af11b9e8bf182f618b', 'f1cb187abf927c88b89470d08615f5ac', null);
INSERT INTO `sys_role_permission` VALUES ('1301788671591510017', 'f6817f48af4fb3af11b9e8bf182f618b', '1301788622069362689', null);
INSERT INTO `sys_role_permission` VALUES ('1301788671599898625', 'f6817f48af4fb3af11b9e8bf182f618b', '1301788484454248449', null);
INSERT INTO `sys_role_permission` VALUES ('1301799526488006658', 'f6817f48af4fb3af11b9e8bf182f618b', '1301799485308329985', null);
INSERT INTO `sys_role_permission` VALUES ('1301799526488006659', 'f6817f48af4fb3af11b9e8bf182f618b', '1301799351757496322', null);
INSERT INTO `sys_role_permission` VALUES ('1303960872159715329', 'f6817f48af4fb3af11b9e8bf182f618b', '1303959835520704513', null);
INSERT INTO `sys_role_permission` VALUES ('1303960872163909634', 'f6817f48af4fb3af11b9e8bf182f618b', '1303959716456996866', null);
INSERT INTO `sys_role_permission` VALUES ('1303961296015106050', 'f6817f48af4fb3af11b9e8bf182f618b', '1303961104608043010', null);
INSERT INTO `sys_role_permission` VALUES ('1305433653015678978', 'f6817f48af4fb3af11b9e8bf182f618b', '1305433481783218178', null);
INSERT INTO `sys_role_permission` VALUES ('1305433653032456194', 'f6817f48af4fb3af11b9e8bf182f618b', '1305433618085515266', null);
INSERT INTO `sys_role_permission` VALUES ('154edd0599bd1dc2c7de220b489cd1e2', 'f6817f48af4fb3af11b9e8bf182f618b', '7ac9eb9ccbde2f7a033cd4944272bf1e', null);
INSERT INTO `sys_role_permission` VALUES ('165acd6046a0eaf975099f46a3c898ea', 'f6817f48af4fb3af11b9e8bf182f618b', '4f66409ef3bbd69c1d80469d6e2a885e', null);
INSERT INTO `sys_role_permission` VALUES ('1664b92dff13e1575e3a929caa2fa14d', 'f6817f48af4fb3af11b9e8bf182f618b', 'd2bbf9ebca5a8fa2e227af97d2da7548', null);
INSERT INTO `sys_role_permission` VALUES ('17ead5b7d97ed365398ab20009a69ea3', '52b0cf022ac4187b2a70dfa4f8b2d940', 'e08cb190ef230d5d4f03824198773950', null);
INSERT INTO `sys_role_permission` VALUES ('1ac1688ef8456f384091a03d88a89ab1', '52b0cf022ac4187b2a70dfa4f8b2d940', '693ce69af3432bd00be13c3971a57961', null);
INSERT INTO `sys_role_permission` VALUES ('1c1dbba68ef1817e7fb19c822d2854e8', 'f6817f48af4fb3af11b9e8bf182f618b', 'fb367426764077dcf94640c843733985', null);
INSERT INTO `sys_role_permission` VALUES ('1e47db875601fd97723254046b5bba90', 'f6817f48af4fb3af11b9e8bf182f618b', 'baf16b7174bd821b6bab23fa9abb200d', null);
INSERT INTO `sys_role_permission` VALUES ('1fe4d408b85f19618c15bcb768f0ec22', '1750a8fb3e6d90cb7957c02de1dc8e59', '9502685863ab87f0ad1134142788a385', null);
INSERT INTO `sys_role_permission` VALUES ('20e53c87a785688bdc0a5bb6de394ef1', 'f6817f48af4fb3af11b9e8bf182f618b', '540a2936940846cb98114ffb0d145cb8', null);
INSERT INTO `sys_role_permission` VALUES ('248d288586c6ff3bd14381565df84163', '52b0cf022ac4187b2a70dfa4f8b2d940', '3f915b2769fc80648e92d04e84ca059d', null);
INSERT INTO `sys_role_permission` VALUES ('25491ecbd5a9b34f09c8bc447a10ede1', 'f6817f48af4fb3af11b9e8bf182f618b', 'd07a2c87a451434c99ab06296727ec4f', null);
INSERT INTO `sys_role_permission` VALUES ('27489816708b18859768dfed5945c405', 'a799c3b1b12dd3ed4bd046bfaef5fe6e', '9502685863ab87f0ad1134142788a385', null);
INSERT INTO `sys_role_permission` VALUES ('2779cdea8367fff37db26a42c1a1f531', 'f6817f48af4fb3af11b9e8bf182f618b', 'fef097f3903caf3a3c3a6efa8de43fbb', null);
INSERT INTO `sys_role_permission` VALUES ('296f9c75ca0e172ae5ce4c1022c996df', '646c628b2b8295fbdab2d34044de0354', '732d48f8e0abe99fe6a23d18a3171cd1', null);
INSERT INTO `sys_role_permission` VALUES ('29fb6b0ad59a7e911c8d27e0bdc42d23', 'f6817f48af4fb3af11b9e8bf182f618b', '9a90363f216a6a08f32eecb3f0bf12a3', null);
INSERT INTO `sys_role_permission` VALUES ('2ad37346c1b83ddeebc008f6987b2227', 'f6817f48af4fb3af11b9e8bf182f618b', '8d1ebd663688965f1fd86a2f0ead3416', null);
INSERT INTO `sys_role_permission` VALUES ('2c462293cbb0eab7e8ae0a3600361b5f', '52b0cf022ac4187b2a70dfa4f8b2d940', '9502685863ab87f0ad1134142788a385', null);
INSERT INTO `sys_role_permission` VALUES ('2fdaed22dfa4c8d4629e44ef81688c6a', '52b0cf022ac4187b2a70dfa4f8b2d940', 'aedbf679b5773c1f25e9f7b10111da73', null);
INSERT INTO `sys_role_permission` VALUES ('300c462b7fec09e2ff32574ef8b3f0bd', '52b0cf022ac4187b2a70dfa4f8b2d940', '2a470fc0c3954d9dbb61de6d80846549', null);
INSERT INTO `sys_role_permission` VALUES ('35ac7cae648de39eb56213ca1b649713', '52b0cf022ac4187b2a70dfa4f8b2d940', 'b1cb0a3fedf7ed0e4653cb5a229837ee', null);
INSERT INTO `sys_role_permission` VALUES ('38a2e55db0960262800576e34b3af44c', 'f6817f48af4fb3af11b9e8bf182f618b', '5c2f42277948043026b7a14692456828', null);
INSERT INTO `sys_role_permission` VALUES ('3b1886f727ac503c93fecdd06dcb9622', 'f6817f48af4fb3af11b9e8bf182f618b', 'c431130c0bc0ec71b0a5be37747bb36a', null);
INSERT INTO `sys_role_permission` VALUES ('3de2a60c7e42a521fecf6fcc5cb54978', 'f6817f48af4fb3af11b9e8bf182f618b', '2d83d62bd2544b8994c8f38cf17b0ddf', null);
INSERT INTO `sys_role_permission` VALUES ('3e4e38f748b8d87178dd62082e5b7b60', 'f6817f48af4fb3af11b9e8bf182f618b', '7960961b0063228937da5fa8dd73d371', null);
INSERT INTO `sys_role_permission` VALUES ('3e563751942b0879c88ca4de19757b50', '1750a8fb3e6d90cb7957c02de1dc8e59', '58857ff846e61794c69208e9d3a85466', null);
INSERT INTO `sys_role_permission` VALUES ('3f1d04075e3c3254666a4138106a4e51', 'f6817f48af4fb3af11b9e8bf182f618b', '3fac0d3c9cd40fa53ab70d4c583821f8', null);
INSERT INTO `sys_role_permission` VALUES ('412e2de37a35b3442d68db8dd2f3c190', '52b0cf022ac4187b2a70dfa4f8b2d940', 'f1cb187abf927c88b89470d08615f5ac', null);
INSERT INTO `sys_role_permission` VALUES ('4204f91fb61911ba8ce40afa7c02369f', 'f6817f48af4fb3af11b9e8bf182f618b', '3f915b2769fc80648e92d04e84ca059d', null);
INSERT INTO `sys_role_permission` VALUES ('439568ff7db6f329bf6dd45b3dfc9456', 'f6817f48af4fb3af11b9e8bf182f618b', '7593c9e3523a17bca83b8d7fe8a34e58', null);
INSERT INTO `sys_role_permission` VALUES ('444126230885d5d38b8fa6072c9f43f8', 'f6817f48af4fb3af11b9e8bf182f618b', 'f780d0d3083d849ccbdb1b1baee4911d', null);
INSERT INTO `sys_role_permission` VALUES ('445656dd187bd8a71605f4bbab1938a3', 'f6817f48af4fb3af11b9e8bf182f618b', '020b06793e4de2eee0007f603000c769', null);
INSERT INTO `sys_role_permission` VALUES ('455cdb482457f529b79b479a2ff74427', 'f6817f48af4fb3af11b9e8bf182f618b', 'e1979bb53e9ea51cecc74d86fd9d2f64', null);
INSERT INTO `sys_role_permission` VALUES ('45a358bb738782d1a0edbf7485e81459', 'f6817f48af4fb3af11b9e8bf182f618b', '0ac2ad938963b6c6d1af25477d5b8b51', null);
INSERT INTO `sys_role_permission` VALUES ('4dab5a06acc8ef3297889872caa74747', 'f6817f48af4fb3af11b9e8bf182f618b', 'ffb423d25cc59dcd0532213c4a518261', null);
INSERT INTO `sys_role_permission` VALUES ('4e0a37ed49524df5f08fc6593aee875c', 'f6817f48af4fb3af11b9e8bf182f618b', 'f23d9bfff4d9aa6b68569ba2cff38415', null);
INSERT INTO `sys_role_permission` VALUES ('4ea403fc1d19feb871c8bdd9f94a4ecc', 'f6817f48af4fb3af11b9e8bf182f618b', '2e42e3835c2b44ec9f7bc26c146ee531', null);
INSERT INTO `sys_role_permission` VALUES ('4f254549d9498f06f4cc9b23f3e2c070', 'f6817f48af4fb3af11b9e8bf182f618b', '93d5cfb4448f11e9916698e7f462b4b6', null);
INSERT INTO `sys_role_permission` VALUES ('4f2fd4a190db856e21476de2704bbd99', 'f6817f48af4fb3af11b9e8bf182f618b', '1a0811914300741f4e11838ff37a1d3a', null);
INSERT INTO `sys_role_permission` VALUES ('4faad8ff93cb2b5607cd3d07c1b624ee', 'a799c3b1b12dd3ed4bd046bfaef5fe6e', '70b8f33da5f39de1981bf89cf6c99792', null);
INSERT INTO `sys_role_permission` VALUES ('504e326de3f03562cdd186748b48a8c7', 'f6817f48af4fb3af11b9e8bf182f618b', '027aee69baee98a0ed2e01806e89c891', null);
INSERT INTO `sys_role_permission` VALUES ('520b5989e6fe4a302a573d4fee12a40a', 'f6817f48af4fb3af11b9e8bf182f618b', '6531cf3421b1265aeeeabaab5e176e6d', null);
INSERT INTO `sys_role_permission` VALUES ('54fdf85e52807bdb32ce450814abc256', 'f6817f48af4fb3af11b9e8bf182f618b', 'cc50656cf9ca528e6f2150eba4714ad2', null);
INSERT INTO `sys_role_permission` VALUES ('57c0b3a547b815ea3ec8e509b08948b3', '1750a8fb3e6d90cb7957c02de1dc8e59', '3f915b2769fc80648e92d04e84ca059d', null);
INSERT INTO `sys_role_permission` VALUES ('593ee05c4fe4645c7826b7d5e14f23ec', '52b0cf022ac4187b2a70dfa4f8b2d940', '8fb8172747a78756c11916216b8b8066', null);
INSERT INTO `sys_role_permission` VALUES ('5d230e6cd2935c4117f6cb9a7a749e39', 'f6817f48af4fb3af11b9e8bf182f618b', 'fc810a2267dd183e4ef7c71cc60f4670', null);
INSERT INTO `sys_role_permission` VALUES ('5de6871fadb4fe1cdd28989da0126b07', 'f6817f48af4fb3af11b9e8bf182f618b', 'a400e4f4d54f79bf5ce160a3432231af', null);
INSERT INTO `sys_role_permission` VALUES ('5e4015a9a641cbf3fb5d28d9f885d81a', 'f6817f48af4fb3af11b9e8bf182f618b', '2dbbafa22cda07fa5d169d741b81fe12', null);
INSERT INTO `sys_role_permission` VALUES ('5fc194b709336d354640fe29fefd65a3', 'a799c3b1b12dd3ed4bd046bfaef5fe6e', '9ba60e626bf2882c31c488aba62b89f0', null);
INSERT INTO `sys_role_permission` VALUES ('60eda4b4db138bdb47edbe8e10e71675', 'f6817f48af4fb3af11b9e8bf182f618b', 'fb07ca05a3e13674dbf6d3245956da2e', null);
INSERT INTO `sys_role_permission` VALUES ('61835e48f3e675f7d3f5c9dd3a10dcf3', 'f6817f48af4fb3af11b9e8bf182f618b', 'f0675b52d89100ee88472b6800754a08', null);
INSERT INTO `sys_role_permission` VALUES ('660fbc40bcb1044738f7cabdf1708c28', 'f6817f48af4fb3af11b9e8bf182f618b', 'b3c824fc22bd953e2eb16ae6914ac8f9', null);
INSERT INTO `sys_role_permission` VALUES ('66b202f8f84fe766176b3f51071836ef', 'f6817f48af4fb3af11b9e8bf182f618b', '1367a93f2c410b169faa7abcbad2f77c', null);
INSERT INTO `sys_role_permission` VALUES ('6b605c261ffbc8ac8a98ae33579c8c78', 'f6817f48af4fb3af11b9e8bf182f618b', 'fba41089766888023411a978d13c0aa4', null);
INSERT INTO `sys_role_permission` VALUES ('6c74518eb6bb9a353f6a6c459c77e64b', 'f6817f48af4fb3af11b9e8bf182f618b', 'b4dfc7d5dd9e8d5b6dd6d4579b1aa559', null);
INSERT INTO `sys_role_permission` VALUES ('6daddafacd7eccb91309530c17c5855d', 'f6817f48af4fb3af11b9e8bf182f618b', 'edfa74d66e8ea63ea432c2910837b150', null);
INSERT INTO `sys_role_permission` VALUES ('6fb4c2142498dd6d5b6c014ef985cb66', 'f6817f48af4fb3af11b9e8bf182f618b', '6e73eb3c26099c191bf03852ee1310a1', null);
INSERT INTO `sys_role_permission` VALUES ('7413acf23b56c906aedb5a36fb75bd3a', 'f6817f48af4fb3af11b9e8bf182f618b', 'a4fc7b64b01a224da066bb16230f9c5a', null);
INSERT INTO `sys_role_permission` VALUES ('75002588591820806', '16457350655250432', '5129710648430592', null);
INSERT INTO `sys_role_permission` VALUES ('75002588604403712', '16457350655250432', '5129710648430593', null);
INSERT INTO `sys_role_permission` VALUES ('75002588612792320', '16457350655250432', '40238597734928384', null);
INSERT INTO `sys_role_permission` VALUES ('75002588625375232', '16457350655250432', '57009744761589760', null);
INSERT INTO `sys_role_permission` VALUES ('75002588633763840', '16457350655250432', '16392452747300864', null);
INSERT INTO `sys_role_permission` VALUES ('75002588637958144', '16457350655250432', '16392767785668608', null);
INSERT INTO `sys_role_permission` VALUES ('75002588650541056', '16457350655250432', '16439068543946752', null);
INSERT INTO `sys_role_permission` VALUES ('76a54a8cc609754360bf9f57e7dbb2db', 'f6817f48af4fb3af11b9e8bf182f618b', 'c65321e57b7949b7a975313220de0422', null);
INSERT INTO `sys_role_permission` VALUES ('77277779875336192', '496138616573952', '5129710648430592', null);
INSERT INTO `sys_role_permission` VALUES ('77277780043108352', '496138616573952', '5129710648430593', null);
INSERT INTO `sys_role_permission` VALUES ('77277780055691264', '496138616573952', '15701400130424832', null);
INSERT INTO `sys_role_permission` VALUES ('77277780064079872', '496138616573952', '16678126574637056', null);
INSERT INTO `sys_role_permission` VALUES ('77277780072468480', '496138616573952', '15701915807518720', null);
INSERT INTO `sys_role_permission` VALUES ('77277780076662784', '496138616573952', '15708892205944832', null);
INSERT INTO `sys_role_permission` VALUES ('77277780085051392', '496138616573952', '16678447719911424', null);
INSERT INTO `sys_role_permission` VALUES ('77277780089245696', '496138616573952', '25014528525733888', null);
INSERT INTO `sys_role_permission` VALUES ('77277780097634304', '496138616573952', '56898976661639168', null);
INSERT INTO `sys_role_permission` VALUES ('77277780135383040', '496138616573952', '40238597734928384', null);
INSERT INTO `sys_role_permission` VALUES ('77277780139577344', '496138616573952', '45235621697949696', null);
INSERT INTO `sys_role_permission` VALUES ('77277780147965952', '496138616573952', '45235787867885568', null);
INSERT INTO `sys_role_permission` VALUES ('77277780156354560', '496138616573952', '45235939278065664', null);
INSERT INTO `sys_role_permission` VALUES ('77277780164743168', '496138616573952', '43117268627886080', null);
INSERT INTO `sys_role_permission` VALUES ('77277780168937472', '496138616573952', '45236734832676864', null);
INSERT INTO `sys_role_permission` VALUES ('77277780181520384', '496138616573952', '45237010692050944', null);
INSERT INTO `sys_role_permission` VALUES ('77277780189908992', '496138616573952', '45237170029465600', null);
INSERT INTO `sys_role_permission` VALUES ('77277780198297600', '496138616573952', '57009544286441472', null);
INSERT INTO `sys_role_permission` VALUES ('77277780206686208', '496138616573952', '57009744761589760', null);
INSERT INTO `sys_role_permission` VALUES ('77277780215074816', '496138616573952', '57009981228060672', null);
INSERT INTO `sys_role_permission` VALUES ('77277780219269120', '496138616573952', '56309618086776832', null);
INSERT INTO `sys_role_permission` VALUES ('77277780227657728', '496138616573952', '57212882168844288', null);
INSERT INTO `sys_role_permission` VALUES ('77277780236046336', '496138616573952', '61560041605435392', null);
INSERT INTO `sys_role_permission` VALUES ('77277780244434944', '496138616573952', '61560275261722624', null);
INSERT INTO `sys_role_permission` VALUES ('77277780257017856', '496138616573952', '61560480518377472', null);
INSERT INTO `sys_role_permission` VALUES ('77277780265406464', '496138616573952', '44986029924421632', null);
INSERT INTO `sys_role_permission` VALUES ('77277780324126720', '496138616573952', '45235228800716800', null);
INSERT INTO `sys_role_permission` VALUES ('77277780332515328', '496138616573952', '45069342940860416', null);
INSERT INTO `sys_role_permission` VALUES ('77277780340903937', '496138616573952', '5129710648430594', null);
INSERT INTO `sys_role_permission` VALUES ('77277780349292544', '496138616573952', '16687383932047360', null);
INSERT INTO `sys_role_permission` VALUES ('77277780357681152', '496138616573952', '16689632049631232', null);
INSERT INTO `sys_role_permission` VALUES ('77277780366069760', '496138616573952', '16689745006432256', null);
INSERT INTO `sys_role_permission` VALUES ('77277780370264064', '496138616573952', '16689883993083904', null);
INSERT INTO `sys_role_permission` VALUES ('77277780374458369', '496138616573952', '16690313745666048', null);
INSERT INTO `sys_role_permission` VALUES ('77277780387041280', '496138616573952', '5129710648430595', null);
INSERT INTO `sys_role_permission` VALUES ('77277780395429888', '496138616573952', '16694861252005888', null);
INSERT INTO `sys_role_permission` VALUES ('77277780403818496', '496138616573952', '16695107491205120', null);
INSERT INTO `sys_role_permission` VALUES ('77277780412207104', '496138616573952', '16695243126607872', null);
INSERT INTO `sys_role_permission` VALUES ('77277780420595712', '496138616573952', '75002207560273920', null);
INSERT INTO `sys_role_permission` VALUES ('77277780428984320', '496138616573952', '76215889006956544', null);
INSERT INTO `sys_role_permission` VALUES ('77277780433178624', '496138616573952', '76216071333351424', null);
INSERT INTO `sys_role_permission` VALUES ('77277780441567232', '496138616573952', '76216264070008832', null);
INSERT INTO `sys_role_permission` VALUES ('77277780449955840', '496138616573952', '76216459709124608', null);
INSERT INTO `sys_role_permission` VALUES ('77277780458344448', '496138616573952', '76216594207870976', null);
INSERT INTO `sys_role_permission` VALUES ('77277780466733056', '496138616573952', '76216702639017984', null);
INSERT INTO `sys_role_permission` VALUES ('77277780475121664', '496138616573952', '58480609315524608', null);
INSERT INTO `sys_role_permission` VALUES ('77277780483510272', '496138616573952', '61394706252173312', null);
INSERT INTO `sys_role_permission` VALUES ('77277780491898880', '496138616573952', '61417744146370560', null);
INSERT INTO `sys_role_permission` VALUES ('77277780496093184', '496138616573952', '76606430504816640', null);
INSERT INTO `sys_role_permission` VALUES ('77277780504481792', '496138616573952', '76914082455752704', null);
INSERT INTO `sys_role_permission` VALUES ('77277780508676097', '496138616573952', '76607201262702592', null);
INSERT INTO `sys_role_permission` VALUES ('77277780517064704', '496138616573952', '39915540965232640', null);
INSERT INTO `sys_role_permission` VALUES ('77277780525453312', '496138616573952', '41370251991977984', null);
INSERT INTO `sys_role_permission` VALUES ('77277780538036224', '496138616573952', '45264987354042368', null);
INSERT INTO `sys_role_permission` VALUES ('77277780546424832', '496138616573952', '45265487029866496', null);
INSERT INTO `sys_role_permission` VALUES ('77277780554813440', '496138616573952', '45265762415284224', null);
INSERT INTO `sys_role_permission` VALUES ('77277780559007744', '496138616573952', '45265886315024384', null);
INSERT INTO `sys_role_permission` VALUES ('77277780567396352', '496138616573952', '45266070000373760', null);
INSERT INTO `sys_role_permission` VALUES ('77277780571590656', '496138616573952', '41363147411427328', null);
INSERT INTO `sys_role_permission` VALUES ('77277780579979264', '496138616573952', '41363537456533504', null);
INSERT INTO `sys_role_permission` VALUES ('77277780588367872', '496138616573952', '41364927394353152', null);
INSERT INTO `sys_role_permission` VALUES ('77277780596756480', '496138616573952', '41371711400054784', null);
INSERT INTO `sys_role_permission` VALUES ('77277780605145088', '496138616573952', '41469219249852416', null);
INSERT INTO `sys_role_permission` VALUES ('77277780613533696', '496138616573952', '39916171171991552', null);
INSERT INTO `sys_role_permission` VALUES ('77277780621922304', '496138616573952', '39918482854252544', null);
INSERT INTO `sys_role_permission` VALUES ('77277780630310912', '496138616573952', '41373430515240960', null);
INSERT INTO `sys_role_permission` VALUES ('77277780718391296', '496138616573952', '41375330996326400', null);
INSERT INTO `sys_role_permission` VALUES ('77277780722585600', '496138616573952', '63741744973352960', null);
INSERT INTO `sys_role_permission` VALUES ('77277780730974208', '496138616573952', '42082442672082944', null);
INSERT INTO `sys_role_permission` VALUES ('77277780739362816', '496138616573952', '41376192166629376', null);
INSERT INTO `sys_role_permission` VALUES ('77277780747751424', '496138616573952', '41377034236071936', null);
INSERT INTO `sys_role_permission` VALUES ('77277780756140032', '496138616573952', '56911328312299520', null);
INSERT INTO `sys_role_permission` VALUES ('77277780764528640', '496138616573952', '41378916912336896', null);
INSERT INTO `sys_role_permission` VALUES ('77277780768722944', '496138616573952', '63482475359244288', null);
INSERT INTO `sys_role_permission` VALUES ('77277780772917249', '496138616573952', '64290663792906240', null);
INSERT INTO `sys_role_permission` VALUES ('77277780785500160', '496138616573952', '66790433014943744', null);
INSERT INTO `sys_role_permission` VALUES ('77277780789694464', '496138616573952', '42087054753927168', null);
INSERT INTO `sys_role_permission` VALUES ('77277780798083072', '496138616573952', '67027338952445952', null);
INSERT INTO `sys_role_permission` VALUES ('77277780806471680', '496138616573952', '67027909637836800', null);
INSERT INTO `sys_role_permission` VALUES ('77277780810665985', '496138616573952', '67042515441684480', null);
INSERT INTO `sys_role_permission` VALUES ('77277780823248896', '496138616573952', '67082402312228864', null);
INSERT INTO `sys_role_permission` VALUES ('77277780827443200', '496138616573952', '16392452747300864', null);
INSERT INTO `sys_role_permission` VALUES ('77277780835831808', '496138616573952', '16392767785668608', null);
INSERT INTO `sys_role_permission` VALUES ('77277780840026112', '496138616573952', '16438800255291392', null);
INSERT INTO `sys_role_permission` VALUES ('77277780844220417', '496138616573952', '16438962738434048', null);
INSERT INTO `sys_role_permission` VALUES ('77277780852609024', '496138616573952', '16439068543946752', null);
INSERT INTO `sys_role_permission` VALUES ('77277860062040064', '496138616573953', '5129710648430592', null);
INSERT INTO `sys_role_permission` VALUES ('77277860070428672', '496138616573953', '5129710648430593', null);
INSERT INTO `sys_role_permission` VALUES ('77277860078817280', '496138616573953', '40238597734928384', null);
INSERT INTO `sys_role_permission` VALUES ('77277860091400192', '496138616573953', '43117268627886080', null);
INSERT INTO `sys_role_permission` VALUES ('77277860099788800', '496138616573953', '57009744761589760', null);
INSERT INTO `sys_role_permission` VALUES ('77277860112371712', '496138616573953', '56309618086776832', null);
INSERT INTO `sys_role_permission` VALUES ('77277860120760320', '496138616573953', '44986029924421632', null);
INSERT INTO `sys_role_permission` VALUES ('77277860129148928', '496138616573953', '5129710648430594', null);
INSERT INTO `sys_role_permission` VALUES ('77277860141731840', '496138616573953', '5129710648430595', null);
INSERT INTO `sys_role_permission` VALUES ('77277860150120448', '496138616573953', '75002207560273920', null);
INSERT INTO `sys_role_permission` VALUES ('77277860158509056', '496138616573953', '58480609315524608', null);
INSERT INTO `sys_role_permission` VALUES ('77277860162703360', '496138616573953', '76606430504816640', null);
INSERT INTO `sys_role_permission` VALUES ('77277860171091968', '496138616573953', '76914082455752704', null);
INSERT INTO `sys_role_permission` VALUES ('77277860179480576', '496138616573953', '76607201262702592', null);
INSERT INTO `sys_role_permission` VALUES ('77277860187869184', '496138616573953', '39915540965232640', null);
INSERT INTO `sys_role_permission` VALUES ('77277860196257792', '496138616573953', '41370251991977984', null);
INSERT INTO `sys_role_permission` VALUES ('77277860204646400', '496138616573953', '41363147411427328', null);
INSERT INTO `sys_role_permission` VALUES ('77277860208840704', '496138616573953', '41371711400054784', null);
INSERT INTO `sys_role_permission` VALUES ('77277860213035009', '496138616573953', '39916171171991552', null);
INSERT INTO `sys_role_permission` VALUES ('77277860221423616', '496138616573953', '39918482854252544', null);
INSERT INTO `sys_role_permission` VALUES ('77277860225617920', '496138616573953', '41373430515240960', null);
INSERT INTO `sys_role_permission` VALUES ('77277860234006528', '496138616573953', '41375330996326400', null);
INSERT INTO `sys_role_permission` VALUES ('77277860242395136', '496138616573953', '63741744973352960', null);
INSERT INTO `sys_role_permission` VALUES ('77277860250783744', '496138616573953', '42082442672082944', null);
INSERT INTO `sys_role_permission` VALUES ('77277860254978048', '496138616573953', '41376192166629376', null);
INSERT INTO `sys_role_permission` VALUES ('77277860263366656', '496138616573953', '41377034236071936', null);
INSERT INTO `sys_role_permission` VALUES ('77277860271755264', '496138616573953', '56911328312299520', null);
INSERT INTO `sys_role_permission` VALUES ('77277860313698304', '496138616573953', '41378916912336896', null);
INSERT INTO `sys_role_permission` VALUES ('77277860322086912', '496138616573953', '63482475359244288', null);
INSERT INTO `sys_role_permission` VALUES ('77277860326281216', '496138616573953', '64290663792906240', null);
INSERT INTO `sys_role_permission` VALUES ('77277860334669824', '496138616573953', '66790433014943744', null);
INSERT INTO `sys_role_permission` VALUES ('77277860343058432', '496138616573953', '42087054753927168', null);
INSERT INTO `sys_role_permission` VALUES ('77277860347252736', '496138616573953', '67027338952445952', null);
INSERT INTO `sys_role_permission` VALUES ('77277860351447041', '496138616573953', '67027909637836800', null);
INSERT INTO `sys_role_permission` VALUES ('77277860359835648', '496138616573953', '67042515441684480', null);
INSERT INTO `sys_role_permission` VALUES ('77277860364029952', '496138616573953', '67082402312228864', null);
INSERT INTO `sys_role_permission` VALUES ('77277860368224256', '496138616573953', '16392452747300864', null);
INSERT INTO `sys_role_permission` VALUES ('77277860372418560', '496138616573953', '16392767785668608', null);
INSERT INTO `sys_role_permission` VALUES ('77277860376612865', '496138616573953', '16438800255291392', null);
INSERT INTO `sys_role_permission` VALUES ('77277860385001472', '496138616573953', '16438962738434048', null);
INSERT INTO `sys_role_permission` VALUES ('77277860389195776', '496138616573953', '16439068543946752', null);
INSERT INTO `sys_role_permission` VALUES ('7a5d31ba48fe3fb1266bf186dc5f7ba7', '52b0cf022ac4187b2a70dfa4f8b2d940', '58857ff846e61794c69208e9d3a85466', null);
INSERT INTO `sys_role_permission` VALUES ('7a6bca9276c128309c80d21e795c66c6', 'f6817f48af4fb3af11b9e8bf182f618b', '54097c6a3cf50fad0793a34beff1efdf', null);
INSERT INTO `sys_role_permission` VALUES ('7ca833caa5eac837b7200d8b6de8b2e3', 'f6817f48af4fb3af11b9e8bf182f618b', 'fedfbf4420536cacc0218557d263dfea', null);
INSERT INTO `sys_role_permission` VALUES ('7de42bdc0b8c5446b7d428c66a7abc12', '52b0cf022ac4187b2a70dfa4f8b2d940', '54dd5457a3190740005c1bfec55b1c34', null);
INSERT INTO `sys_role_permission` VALUES ('7e19d90cec0dd87aaef351b9ff8f4902', '646c628b2b8295fbdab2d34044de0354', 'f9d3f4f27653a71c52faa9fb8070fbe7', null);
INSERT INTO `sys_role_permission` VALUES ('84eac2f113c23737128fb099d1d1da89', 'f6817f48af4fb3af11b9e8bf182f618b', '03dc3d93261dda19fc86dd7ca486c6cf', null);
INSERT INTO `sys_role_permission` VALUES ('86060e2867a5049d8a80d9fe5d8bc28b', 'f6817f48af4fb3af11b9e8bf182f618b', '765dd244f37b804e3d00f475fd56149b', null);
INSERT INTO `sys_role_permission` VALUES ('884f147c20e003cc80ed5b7efa598cbe', 'f6817f48af4fb3af11b9e8bf182f618b', 'e5973686ed495c379d829ea8b2881fc6', null);
INSERT INTO `sys_role_permission` VALUES ('8a60df8d8b4c9ee5fa63f48aeee3ec00', '1750a8fb3e6d90cb7957c02de1dc8e59', 'd7d6e2e4e2934f2c9385a623fd98c6f3', null);
INSERT INTO `sys_role_permission` VALUES ('8b09925bdc194ab7f3559cd3a7ea0507', 'f6817f48af4fb3af11b9e8bf182f618b', 'ebb9d82ea16ad864071158e0c449d186', null);
INSERT INTO `sys_role_permission` VALUES ('8ce1022dac4e558ff9694600515cf510', '1750a8fb3e6d90cb7957c02de1dc8e59', '08e6b9dc3c04489c8e1ff2ce6f105aa4', null);
INSERT INTO `sys_role_permission` VALUES ('8d154c2382a8ae5c8d1b84bd38df2a93', 'f6817f48af4fb3af11b9e8bf182f618b', 'd86f58e7ab516d3bc6bfb1fe10585f97', null);
INSERT INTO `sys_role_permission` VALUES ('8d848ca7feec5b7ebb3ecb32b2c8857a', '52b0cf022ac4187b2a70dfa4f8b2d940', '4148ec82b6acd69f470bea75fe41c357', null);
INSERT INTO `sys_role_permission` VALUES ('8dd64f65a1014196078d0882f767cd85', 'f6817f48af4fb3af11b9e8bf182f618b', 'e3c13679c73a4f829bcff2aba8fd68b1', null);
INSERT INTO `sys_role_permission` VALUES ('8e3dc1671abad4f3c83883b194d2e05a', 'f6817f48af4fb3af11b9e8bf182f618b', 'b1cb0a3fedf7ed0e4653cb5a229837ee', null);
INSERT INTO `sys_role_permission` VALUES ('905bf419332ebcb83863603b3ebe30f0', 'f6817f48af4fb3af11b9e8bf182f618b', '8fb8172747a78756c11916216b8b8066', null);
INSERT INTO `sys_role_permission` VALUES ('9264104cee9b10c96241d527b2d0346d', '1750a8fb3e6d90cb7957c02de1dc8e59', '54dd5457a3190740005c1bfec55b1c34', null);
INSERT INTO `sys_role_permission` VALUES ('9380121ca9cfee4b372194630fce150e', 'f6817f48af4fb3af11b9e8bf182f618b', '65a8f489f25a345836b7f44b1181197a', null);
INSERT INTO `sys_role_permission` VALUES ('94911fef73a590f6824105ebf9b6cab3', 'f6817f48af4fb3af11b9e8bf182f618b', '8b3bff2eee6f1939147f5c68292a1642', null);
INSERT INTO `sys_role_permission` VALUES ('9700d20dbc1ae3cbf7de1c810b521fe6', 'f6817f48af4fb3af11b9e8bf182f618b', 'ec8d607d0156e198b11853760319c646', null);
INSERT INTO `sys_role_permission` VALUES ('980171fda43adfe24840959b1d048d4d', 'f6817f48af4fb3af11b9e8bf182f618b', 'd7d6e2e4e2934f2c9385a623fd98c6f3', null);
INSERT INTO `sys_role_permission` VALUES ('987c23b70873bd1d6dca52f30aafd8c2', 'f6817f48af4fb3af11b9e8bf182f618b', '00a2a0ae65cdca5e93209cdbde97cbe6', null);
INSERT INTO `sys_role_permission` VALUES ('9b2ad767f9861e64a20b097538feafd3', 'f6817f48af4fb3af11b9e8bf182f618b', '73678f9daa45ed17a3674131b03432fb', null);
INSERT INTO `sys_role_permission` VALUES ('9d8772c310b675ae43eacdbc6c7fa04a', 'a799c3b1b12dd3ed4bd046bfaef5fe6e', '1663f3faba244d16c94552f849627d84', null);
INSERT INTO `sys_role_permission` VALUES ('9d980ec0489040e631a9c24a6af42934', 'f6817f48af4fb3af11b9e8bf182f618b', '05b3c82ddb2536a4a5ee1a4c46b5abef', null);
INSERT INTO `sys_role_permission` VALUES ('9f8311ecccd44e079723098cf2ffe1cc', '1750a8fb3e6d90cb7957c02de1dc8e59', '693ce69af3432bd00be13c3971a57961', null);
INSERT INTO `sys_role_permission` VALUES ('a034ed7c38c996b880d3e78f586fe0ae', 'f6817f48af4fb3af11b9e8bf182f618b', 'c89018ea6286e852b424466fd92a2ffc', null);
INSERT INTO `sys_role_permission` VALUES ('a307a9349ad64a2eff8ab69582fa9be4', 'f6817f48af4fb3af11b9e8bf182f618b', '0620e402857b8c5b605e1ad9f4b89350', null);
INSERT INTO `sys_role_permission` VALUES ('a5d25fdb3c62904a8474182706ce11a0', 'f6817f48af4fb3af11b9e8bf182f618b', '418964ba087b90a84897b62474496b93', null);
INSERT INTO `sys_role_permission` VALUES ('acacce4417e5d7f96a9c3be2ded5b4be', 'f6817f48af4fb3af11b9e8bf182f618b', 'f9d3f4f27653a71c52faa9fb8070fbe7', null);
INSERT INTO `sys_role_permission` VALUES ('ae1852fb349d8513eb3fdc173da3ee56', 'f6817f48af4fb3af11b9e8bf182f618b', '8d4683aacaa997ab86b966b464360338', null);
INSERT INTO `sys_role_permission` VALUES ('aefc8c22e061171806e59cd222f6b7e1', '52b0cf022ac4187b2a70dfa4f8b2d940', 'e8af452d8948ea49d37c934f5100ae6a', null);
INSERT INTO `sys_role_permission` VALUES ('af60ac8fafd807ed6b6b354613b9ccbc', 'f6817f48af4fb3af11b9e8bf182f618b', '58857ff846e61794c69208e9d3a85466', null);
INSERT INTO `sys_role_permission` VALUES ('b0c8a20800b8bf1ebdd7be473bceb44f', 'f6817f48af4fb3af11b9e8bf182f618b', '58b9204feaf07e47284ddb36cd2d8468', null);
INSERT INTO `sys_role_permission` VALUES ('b128ebe78fa5abb54a3a82c6689bdca3', 'f6817f48af4fb3af11b9e8bf182f618b', 'aedbf679b5773c1f25e9f7b10111da73', null);
INSERT INTO `sys_role_permission` VALUES ('b21b07951bb547b09cc85624a841aea0', 'f6817f48af4fb3af11b9e8bf182f618b', '4356a1a67b564f0988a484f5531fd4d9', null);
INSERT INTO `sys_role_permission` VALUES ('b64c4ab9cd9a2ea8ac1e9db5fb7cf522', 'f6817f48af4fb3af11b9e8bf182f618b', '2aeddae571695cd6380f6d6d334d6e7d', null);
INSERT INTO `sys_role_permission` VALUES ('bbec16ad016efec9ea2def38f4d3d9dc', 'f6817f48af4fb3af11b9e8bf182f618b', '13212d3416eb690c2e1d5033166ff47a', null);
INSERT INTO `sys_role_permission` VALUES ('be8e5a9080569e59863f20c4c57a8e22', 'f6817f48af4fb3af11b9e8bf182f618b', '22d6a3d39a59dd7ea9a30acfa6bfb0a5', null);
INSERT INTO `sys_role_permission` VALUES ('bea2986432079d89203da888d99b3f16', 'f6817f48af4fb3af11b9e8bf182f618b', '54dd5457a3190740005c1bfec55b1c34', null);
INSERT INTO `sys_role_permission` VALUES ('c09373ebfc73fb5740db5ff02cba4f91', 'f6817f48af4fb3af11b9e8bf182f618b', '339329ed54cf255e1f9392e84f136901', null);
INSERT INTO `sys_role_permission` VALUES ('c56fb1658ee5f7476380786bf5905399', 'f6817f48af4fb3af11b9e8bf182f618b', 'de13e0f6328c069748de7399fcc1dbbd', null);
INSERT INTO `sys_role_permission` VALUES ('c6fee38d293b9d0596436a0cbd205070', 'f6817f48af4fb3af11b9e8bf182f618b', '4f84f9400e5e92c95f05b554724c2b58', null);
INSERT INTO `sys_role_permission` VALUES ('c90b0b01c7ca454d2a1cb7408563e696', 'f6817f48af4fb3af11b9e8bf182f618b', '882a73768cfd7f78f3a37584f7299656', null);
INSERT INTO `sys_role_permission` VALUES ('cf1feb1bf69eafc982295ad6c9c8d698', 'f6817f48af4fb3af11b9e8bf182f618b', 'a2b11669e98c5fe54a53c3e3c4f35d14', null);
INSERT INTO `sys_role_permission` VALUES ('cf2ef620217673e4042f695743294f01', 'f6817f48af4fb3af11b9e8bf182f618b', '717f6bee46f44a3897eca9abd6e2ec44', null);
INSERT INTO `sys_role_permission` VALUES ('cf43895aef7fc684669483ab00ef2257', 'f6817f48af4fb3af11b9e8bf182f618b', '700b7f95165c46cc7a78bf227aa8fed3', null);
INSERT INTO `sys_role_permission` VALUES ('d281a95b8f293d0fa2a136f46c4e0b10', 'f6817f48af4fb3af11b9e8bf182f618b', '5c8042bd6c601270b2bbd9b20bccc68b', null);
INSERT INTO `sys_role_permission` VALUES ('d37ad568e26f46ed0feca227aa9c2ffa', 'f6817f48af4fb3af11b9e8bf182f618b', '9502685863ab87f0ad1134142788a385', null);
INSERT INTO `sys_role_permission` VALUES ('d3ddcacee1acdfaa0810618b74e38ef2', 'f6817f48af4fb3af11b9e8bf182f618b', 'c6cf95444d80435eb37b2f9db3971ae6', null);
INSERT INTO `sys_role_permission` VALUES ('d3fe195d59811531c05d31d8436f5c8b', '1750a8fb3e6d90cb7957c02de1dc8e59', 'e8af452d8948ea49d37c934f5100ae6a', null);
INSERT INTO `sys_role_permission` VALUES ('d83282192a69514cfe6161b3087ff962', 'f6817f48af4fb3af11b9e8bf182f618b', '53a9230444d33de28aa11cc108fb1dba', null);
INSERT INTO `sys_role_permission` VALUES ('d8a5c9079df12090e108e21be94b4fd7', 'f6817f48af4fb3af11b9e8bf182f618b', '078f9558cdeab239aecb2bda1a8ed0d1', null);
INSERT INTO `sys_role_permission` VALUES ('dbc5dd836d45c5bc7bc94b22596ab956', 'f6817f48af4fb3af11b9e8bf182f618b', '1939e035e803a99ceecb6f5563570fb2', null);
INSERT INTO `sys_role_permission` VALUES ('dc83bb13c0e8c930e79d28b2db26f01f', 'f6817f48af4fb3af11b9e8bf182f618b', '63b551e81c5956d5c861593d366d8c57', null);
INSERT INTO `sys_role_permission` VALUES ('dc8fd3f79bd85bd832608b42167a1c71', 'f6817f48af4fb3af11b9e8bf182f618b', '91c23960fab49335831cf43d820b0a61', null);
INSERT INTO `sys_role_permission` VALUES ('de82e89b8b60a3ea99be5348f565c240', 'f6817f48af4fb3af11b9e8bf182f618b', '56ca78fe0f22d815fabc793461af67b8', null);
INSERT INTO `sys_role_permission` VALUES ('de8f43229e351d34af3c95b1b9f0a15d', 'f6817f48af4fb3af11b9e8bf182f618b', 'a400e4f4d54f79bf5ce160ae432231af', null);
INSERT INTO `sys_role_permission` VALUES ('e3e922673f4289b18366bb51b6200f17', '52b0cf022ac4187b2a70dfa4f8b2d940', '45c966826eeff4c99b8f8ebfe74511fc', null);
INSERT INTO `sys_role_permission` VALUES ('e7467726ee72235baaeb47df04a35e73', 'f6817f48af4fb3af11b9e8bf182f618b', 'e08cb190ef230d5d4f03824198773950', null);
INSERT INTO `sys_role_permission` VALUES ('eaef4486f1c9b0408580bbfa2037eb66', 'f6817f48af4fb3af11b9e8bf182f618b', '2a470fc0c3954d9dbb61de6d80846549', null);
INSERT INTO `sys_role_permission` VALUES ('ec4bc97829ab56afd83f428b6dc37ff6', 'f6817f48af4fb3af11b9e8bf182f618b', '200006f0edf145a2b50eacca07585451', null);
INSERT INTO `sys_role_permission` VALUES ('ec846a3f85fdb6813e515be71f11b331', 'f6817f48af4fb3af11b9e8bf182f618b', '732d48f8e0abe99fe6a23d18a3171cd1', null);
INSERT INTO `sys_role_permission` VALUES ('ec93bb06f5be4c1f19522ca78180e2ef', 'f6817f48af4fb3af11b9e8bf182f618b', '265de841c58907954b8877fb85212622', null);
INSERT INTO `sys_role_permission` VALUES ('ecdd72fe694e6bba9c1d9fc925ee79de', 'f6817f48af4fb3af11b9e8bf182f618b', '45c966826eeff4c99b8f8ebfe74511fc', null);
INSERT INTO `sys_role_permission` VALUES ('edefd8d468f5727db465cf1b860af474', 'f6817f48af4fb3af11b9e8bf182f618b', '6ad53fd1b220989a8b71ff482d683a5a', null);
INSERT INTO `sys_role_permission` VALUES ('ef8bdd20d29447681ec91d3603e80c7b', 'f6817f48af4fb3af11b9e8bf182f618b', 'ae4fed059f67086fd52a73d913cf473d', null);
INSERT INTO `sys_role_permission` VALUES ('f177acac0276329dc66af0c9ad30558a', 'f6817f48af4fb3af11b9e8bf182f618b', 'c2c356bf4ddd29975347a7047a062440', null);
INSERT INTO `sys_role_permission` VALUES ('f17ab8ad1e71341140857ef4914ef297', '21c5a3187763729408b40afb0d0fdfa8', '732d48f8e0abe99fe6a23d18a3171cd1', null);
INSERT INTO `sys_role_permission` VALUES ('f99f99cc3bc27220cdd4f5aced33b7d7', 'f6817f48af4fb3af11b9e8bf182f618b', '655563cd64b75dcf52ef7bcdd4836953', null);
INSERT INTO `sys_role_permission` VALUES ('fafe73c4448b977fe42880a6750c3ee8', 'f6817f48af4fb3af11b9e8bf182f618b', '9cb91b8851db0cf7b19d7ecc2a8193dd', null);
INSERT INTO `sys_role_permission` VALUES ('fced905c7598973b970d42d833f73474', 'f6817f48af4fb3af11b9e8bf182f618b', '4875ebe289344e14844d8e3ea1edd73f', null);
INSERT INTO `sys_role_permission` VALUES ('fd97963dc5f144d3aecfc7045a883427', 'f6817f48af4fb3af11b9e8bf182f618b', '043780fa095ff1b2bec4dc406d76f023', null);
INSERT INTO `sys_role_permission` VALUES ('fed41a4671285efb266cd404f24dd378', '52b0cf022ac4187b2a70dfa4f8b2d940', '00a2a0ae65cdca5e93209cdbde97cbe6', null);

-- ----------------------------
-- Table structure for sys_sms
-- ----------------------------
DROP TABLE IF EXISTS `sys_sms`;
CREATE TABLE `sys_sms` (
  `id` varchar(32) NOT NULL COMMENT 'ID',
  `es_title` varchar(100) DEFAULT NULL COMMENT '消息标题',
  `es_type` varchar(1) DEFAULT NULL COMMENT '发送方式：1短信 2邮件 3微信',
  `es_receiver` varchar(50) DEFAULT NULL COMMENT '接收人',
  `es_param` varchar(1000) DEFAULT NULL COMMENT '发送所需参数Json格式',
  `es_content` longtext COMMENT '推送内容',
  `es_send_time` datetime DEFAULT NULL COMMENT '推送时间',
  `es_send_status` varchar(1) DEFAULT NULL COMMENT '推送状态 0未推送 1推送成功 2推送失败 -1失败不再发送',
  `es_send_num` int(11) DEFAULT NULL COMMENT '发送次数 超过5次不再发送',
  `es_result` varchar(255) DEFAULT NULL COMMENT '推送失败原因',
  `remark` varchar(500) DEFAULT NULL COMMENT '备注',
  `create_by` varchar(32) DEFAULT NULL COMMENT '创建人登录名称',
  `create_time` datetime DEFAULT NULL COMMENT '创建日期',
  `update_by` varchar(32) DEFAULT NULL COMMENT '更新人登录名称',
  `update_time` datetime DEFAULT NULL COMMENT '更新日期',
  PRIMARY KEY (`id`) USING BTREE,
  KEY `index_type` (`es_type`) USING BTREE,
  KEY `index_receiver` (`es_receiver`) USING BTREE,
  KEY `index_sendtime` (`es_send_time`) USING BTREE,
  KEY `index_status` (`es_send_status`) USING BTREE
) ENGINE=InnoDB DEFAULT CHARSET=utf8 ROW_FORMAT=DYNAMIC;

-- ----------------------------
-- Records of sys_sms
-- ----------------------------
INSERT INTO `sys_sms` VALUES ('402880e74dc2f361014dc2f8411e0001', '消息推送测试333', '2', '411944058@qq.com', null, '张三你好，你的订单4028d881436d514601436d521ae80165已付款!', '2015-06-05 17:06:01', '3', null, null, '认证失败错误的用户名或者密码', 'admin', '2015-06-05 17:05:59', 'admin', '2015-11-19 22:30:39');
INSERT INTO `sys_sms` VALUES ('402880ea533647b00153364e74770001', '发个问候', '3', 'admin', null, '你好', '2016-03-02 00:00:00', '2', null, null, null, 'admin', '2016-03-02 15:50:24', 'admin', '2018-07-05 19:53:01');
INSERT INTO `sys_sms` VALUES ('402880ee5a17e711015a17f3188e013f', '消息推送测试333', '2', '411944058@qq.com', null, '张三你好，你的订单4028d881436d514601436d521ae80165已付款!', null, '2', null, null, null, 'admin', '2017-02-07 17:41:31', 'admin', '2017-03-10 11:37:05');
INSERT INTO `sys_sms` VALUES ('402880f05ab649b4015ab64b9cd80012', '消息推送测试333', '2', '411944058@qq.com', null, '张三你好，你的订单4028d881436d514601436d521ae80165已付款!', '2017-11-16 15:58:15', '3', null, null, null, 'admin', '2017-03-10 11:38:13', 'admin', '2017-07-31 17:24:54');
INSERT INTO `sys_sms` VALUES ('402880f05ab7b035015ab7c4462c0004', '消息推送测试333', '2', '411944058@qq.com', null, '张三你好，你的订单4028d881436d514601436d521ae80165已付款!', '2017-11-16 15:58:15', '3', null, null, null, 'admin', '2017-03-10 18:29:37', null, null);
INSERT INTO `sys_sms` VALUES ('402881f3646a472b01646a4a5af00001', '催办：HR审批', '3', 'admin', null, 'admin，您好！\r\n请前待办任务办理事项！HR审批\r\n\r\n\r\n===========================\r\n此消息由系统发出', '2018-07-05 19:53:35', '2', null, null, null, 'admin', '2018-07-05 19:53:35', 'admin', '2018-07-07 13:45:24');
INSERT INTO `sys_sms` VALUES ('402881f3647da06c01647da43a940014', '催办：HR审批', '3', 'admin', null, 'admin，您好！\r\n请前待办任务办理事项！HR审批\r\n\r\n\r\n===========================\r\n此消息由系统发出', '2018-07-09 14:04:32', '2', null, null, null, 'admin', '2018-07-09 14:04:32', 'admin', '2018-07-09 18:51:30');

-- ----------------------------
-- Table structure for sys_sms_template
-- ----------------------------
DROP TABLE IF EXISTS `sys_sms_template`;
CREATE TABLE `sys_sms_template` (
  `id` varchar(32) NOT NULL COMMENT '主键',
  `template_name` varchar(50) DEFAULT NULL COMMENT '模板标题',
  `template_code` varchar(32) NOT NULL COMMENT '模板CODE',
  `template_type` varchar(1) NOT NULL COMMENT '模板类型：1短信 2邮件 3微信',
  `template_content` varchar(1000) NOT NULL COMMENT '模板内容',
  `template_test_json` varchar(1000) DEFAULT NULL COMMENT '模板测试json',
  `create_time` datetime DEFAULT NULL COMMENT '创建日期',
  `create_by` varchar(32) DEFAULT NULL COMMENT '创建人登录名称',
  `update_time` datetime DEFAULT NULL COMMENT '更新日期',
  `update_by` varchar(32) DEFAULT NULL COMMENT '更新人登录名称',
  PRIMARY KEY (`id`) USING BTREE,
  UNIQUE KEY `uniq_templatecode` (`template_code`) USING BTREE
) ENGINE=InnoDB DEFAULT CHARSET=utf8 ROW_FORMAT=DYNAMIC;

-- ----------------------------
-- Records of sys_sms_template
-- ----------------------------
INSERT INTO `sys_sms_template` VALUES ('1199606397416775681', '系统消息通知', 'sys_ts_note', '4', '<h1>&nbsp; &nbsp; 系统通知</h1>\n<ul>\n<li>通知时间：&nbsp; ${ts_date}</li>\n<li>通知内容：&nbsp; ${ts_content}</li>\n</ul>', null, '2019-11-27 16:30:27', 'admin', '2019-11-27 19:36:50', 'admin');
INSERT INTO `sys_sms_template` VALUES ('1199615897335095298', '流程催办', 'bpm_cuiban', '4', '<h1>&nbsp; &nbsp;流程催办提醒</h1>\n<ul>\n<li>流程名称：&nbsp; ${bpm_name}</li>\n<li>催办任务：&nbsp; ${bpm_task}</li>\n<li>催办时间 :&nbsp; &nbsp; ${datetime}</li>\n<li>催办内容 :&nbsp; &nbsp; ${remark}</li>\n</ul>', null, '2019-11-27 17:08:12', 'admin', '2019-11-27 19:36:45', 'admin');
INSERT INTO `sys_sms_template` VALUES ('1199648914107625473', '流程办理超时提醒', 'bpm_chaoshi_tip', '4', '<h1>&nbsp; &nbsp;流程办理超时提醒</h1>\n<ul>\n<li>&nbsp; &nbsp;超时提醒信息：&nbsp; &nbsp; 您有待处理的超时任务，请尽快处理！</li>\n<li>&nbsp; &nbsp;超时任务标题：&nbsp; &nbsp; ${title}</li>\n<li>&nbsp; &nbsp;超时任务节点：&nbsp; &nbsp; ${task}</li>\n<li>&nbsp; &nbsp;任务处理人：&nbsp; &nbsp; &nbsp; &nbsp;${user}</li>\n<li>&nbsp; &nbsp;任务开始时间：&nbsp; &nbsp; ${time}</li>\n</ul>', null, '2019-11-27 19:19:24', 'admin', '2019-11-27 19:36:37', 'admin');
INSERT INTO `sys_sms_template` VALUES ('4028608164691b000164693108140003', '催办：${taskName}', 'SYS001', '3', '${userName}，您好！\r\n请前待办任务办理事项！${taskName}\r\n\r\n\r\n===========================\r\n此消息由系统发出', '{\r\n\"taskName\":\"HR审批\",\r\n\"userName\":\"admin\"\r\n}', '2018-07-05 14:46:18', 'admin', '2018-07-05 18:31:34', 'admin');

-- ----------------------------
-- Table structure for sys_user
-- ----------------------------
DROP TABLE IF EXISTS `sys_user`;
CREATE TABLE `sys_user` (
  `id` varchar(32) NOT NULL COMMENT '主键id',
  `username` varchar(100) DEFAULT NULL COMMENT '登录账号',
  `realname` varchar(100) DEFAULT NULL COMMENT '真实姓名',
  `password` varchar(255) DEFAULT NULL COMMENT '密码',
  `salt` varchar(45) DEFAULT NULL COMMENT 'md5密码盐',
  `avatar` varchar(255) DEFAULT NULL COMMENT '头像',
  `birthday` datetime DEFAULT NULL COMMENT '生日',
  `sex` tinyint(1) DEFAULT NULL COMMENT '性别(0-默认未知,1-男,2-女)',
  `email` varchar(45) DEFAULT NULL COMMENT '电子邮件',
  `phone` varchar(45) DEFAULT NULL COMMENT '电话',
  `org_code` varchar(64) DEFAULT NULL COMMENT '机构编码',
  `status` tinyint(1) DEFAULT NULL COMMENT '性别(1-正常,2-冻结)',
  `del_flag` tinyint(1) DEFAULT NULL COMMENT '删除状态(0-正常,1-已删除)',
  `activiti_sync` tinyint(1) DEFAULT NULL COMMENT '同步工作流引擎(1-同步,0-不同步)',
  `work_no` varchar(100) DEFAULT NULL COMMENT '工号，唯一键',
  `post` varchar(100) DEFAULT NULL COMMENT '职务，关联职务表',
  `telephone` varchar(45) DEFAULT NULL COMMENT '座机号',
  `create_by` varchar(32) DEFAULT NULL COMMENT '创建人',
  `create_time` datetime DEFAULT NULL COMMENT '创建时间',
  `update_by` varchar(32) DEFAULT NULL COMMENT '更新人',
  `update_time` datetime DEFAULT NULL COMMENT '更新时间',
  `identity` tinyint(1) DEFAULT NULL COMMENT '身份（1普通成员 2上级）',
  `depart_ids` longtext COMMENT '负责部门',
  PRIMARY KEY (`id`) USING BTREE,
  UNIQUE KEY `index_user_name` (`username`) USING BTREE,
  UNIQUE KEY `uniq_sys_user_work_no` (`work_no`) USING BTREE,
  KEY `index_user_status` (`status`) USING BTREE,
  KEY `index_user_del_flag` (`del_flag`) USING BTREE
) ENGINE=InnoDB DEFAULT CHARSET=utf8 ROW_FORMAT=DYNAMIC COMMENT='用户表';

-- ----------------------------
-- Records of sys_user
-- ----------------------------
INSERT INTO `sys_user` VALUES ('42d153bffeea74f72a9c1697874fa4a7', 'test22', '23232', 'ac52e15671a377cf', '5FMD48RM', 'user/20190314/ly-plate-e_1552531617500.png', '2019-02-09 00:00:00', '1', 'zhangdaiscott@163.com', '18611782222', null, '1', '0', '1', null, null, null, 'admin', '2019-01-26 18:01:10', 'admin', '2019-03-23 15:05:50', null, null);
INSERT INTO `sys_user` VALUES ('8fe349dbff4c4000a5eeefdce1a20208', 'fywh', '丰亿文化', '9507f2c8e0e10183', 'AJ13FDAU', 'temp/heade_1582611895134.gif', null, null, null, null, null, '1', '0', '1', 'FYWH001', null, null, 'admin', '2020-02-25 14:25:02', null, null, '1', '');
INSERT INTO `sys_user` VALUES ('a75d45a015c44384a04449ee80dc3503', 'jeecg', 'jeecg', '3dd8371f3cf8240e', 'vDDkDzrK', 'user/20190220/e1fe9925bc315c60addea1b98eb1cb1349547719_1550656892940.jpg', null, '2', null, null, 'A02A01', '1', '0', '1', null, null, null, 'admin', '2019-02-13 16:02:36', 'admin', '2019-04-09 15:47:36', null, null);
INSERT INTO `sys_user` VALUES ('e9ca23d68d884d4ebb19d07889727dae', 'admin', '管理员', 'cb362cfeefbf3d8d', 'RCGTeGiH', 'temp/11_1582468686154.jpg', '2018-12-05 00:00:00', '1', '11@qq.com', '18566666661', 'A01', '1', '0', '1', '111', '', null, null, '2038-06-21 17:54:10', 'admin', '2020-02-23 22:44:00', '2', 'c6d7cb4deeac411cb3384b1b31278596');
INSERT INTO `sys_user` VALUES ('f0019fdebedb443c98dcb17d88222c38', 'zhagnxiao', '张小红', 'c579dc10107661192def7df1180282ae', 'GQrGkIGg', 'user/20190401/20180607175028Fn1Lq7zw_1554118444672.png', '2019-04-01 00:00:00', null, null, null, 'A01A04', '1', '0', '1', null, null, null, 'admin', '2023-10-01 19:34:10', 'admin', '2020-02-25 13:52:41', null, null);

-- ----------------------------
-- Table structure for sys_user_agent
-- ----------------------------
DROP TABLE IF EXISTS `sys_user_agent`;
CREATE TABLE `sys_user_agent` (
  `id` varchar(32) NOT NULL COMMENT '序号',
  `user_name` varchar(100) DEFAULT NULL COMMENT '用户名',
  `agent_user_name` varchar(100) DEFAULT NULL COMMENT '代理人用户名',
  `start_time` datetime DEFAULT NULL COMMENT '代理开始时间',
  `end_time` datetime DEFAULT NULL COMMENT '代理结束时间',
  `status` varchar(2) DEFAULT NULL COMMENT '状态0无效1有效',
  `create_name` varchar(50) DEFAULT NULL COMMENT '创建人名称',
  `create_by` varchar(50) DEFAULT NULL COMMENT '创建人登录名称',
  `create_time` datetime DEFAULT NULL COMMENT '创建日期',
  `update_name` varchar(50) DEFAULT NULL COMMENT '更新人名称',
  `update_by` varchar(50) DEFAULT NULL COMMENT '更新人登录名称',
  `update_time` datetime DEFAULT NULL COMMENT '更新日期',
  `sys_org_code` varchar(50) DEFAULT NULL COMMENT '所属部门',
  `sys_company_code` varchar(50) DEFAULT NULL COMMENT '所属公司',
  PRIMARY KEY (`id`) USING BTREE,
  UNIQUE KEY `uniq_username` (`user_name`) USING BTREE,
  KEY `statux_index` (`status`) USING BTREE,
  KEY `begintime_index` (`start_time`) USING BTREE,
  KEY `endtime_index` (`end_time`) USING BTREE
) ENGINE=InnoDB DEFAULT CHARSET=utf8 ROW_FORMAT=DYNAMIC COMMENT='用户代理人设置';

-- ----------------------------
-- Records of sys_user_agent
-- ----------------------------

-- ----------------------------
-- Table structure for sys_user_depart
-- ----------------------------
DROP TABLE IF EXISTS `sys_user_depart`;
CREATE TABLE `sys_user_depart` (
  `ID` varchar(32) NOT NULL COMMENT 'id',
  `user_id` varchar(32) DEFAULT NULL COMMENT '用户id',
  `dep_id` varchar(32) DEFAULT NULL COMMENT '部门id',
  PRIMARY KEY (`ID`) USING BTREE,
  KEY `index_depart_groupk_userid` (`user_id`) USING BTREE,
  KEY `index_depart_groupkorgid` (`dep_id`) USING BTREE,
  KEY `index_depart_groupk_uidanddid` (`user_id`,`dep_id`) USING BTREE
) ENGINE=InnoDB DEFAULT CHARSET=utf8 ROW_FORMAT=DYNAMIC;

-- ----------------------------
-- Records of sys_user_depart
-- ----------------------------
INSERT INTO `sys_user_depart` VALUES ('0c42ba309c2c4cad35836ec2336676fa', '42d153bffeea74f72a9c1697874fa4a7', '6d35e179cd814e3299bd588ea7daed3f');
INSERT INTO `sys_user_depart` VALUES ('1232189742550339585', '8fe349dbff4c4000a5eeefdce1a20208', '6d35e179cd814e3299bd588ea7daed3f');
INSERT INTO `sys_user_depart` VALUES ('2835834d133f9118ee87a666e0f5501e', 'a75d45a015c44384a04449ee80dc3503', 'a7d7e77e06c84325a40932163adcdaa6');
INSERT INTO `sys_user_depart` VALUES ('1f3a0267811327b9eca86b0cc2b956f3', 'bcbe1290783a469a83ae3bd8effe15d4', '5159cde220114246b045e574adceafe9');
INSERT INTO `sys_user_depart` VALUES ('1231590533597499393', 'e9ca23d68d884d4ebb19d07889727dae', 'c6d7cb4deeac411cb3384b1b31278596');
INSERT INTO `sys_user_depart` VALUES ('ac52f23ae625eb6560c9227170b88166', 'f0019fdebedb443c98dcb17d88222c38', '57197590443c44f083d42ae24ef26a2c');
INSERT INTO `sys_user_depart` VALUES ('179660a8b9a122f66b73603799a10924', 'f0019fdebedb443c98dcb17d88222c38', '67fc001af12a4f9b8458005d3f19934a');

-- ----------------------------
-- Table structure for sys_user_role
-- ----------------------------
DROP TABLE IF EXISTS `sys_user_role`;
CREATE TABLE `sys_user_role` (
  `id` varchar(32) NOT NULL COMMENT '主键id',
  `user_id` varchar(32) DEFAULT NULL COMMENT '用户id',
  `role_id` varchar(32) DEFAULT NULL COMMENT '角色id',
  PRIMARY KEY (`id`) USING BTREE,
  KEY `index2_groupuu_user_id` (`user_id`) USING BTREE,
  KEY `index2_groupuu_ole_id` (`role_id`) USING BTREE,
  KEY `index2_groupuu_useridandroleid` (`user_id`,`role_id`) USING BTREE
) ENGINE=InnoDB DEFAULT CHARSET=utf8 ROW_FORMAT=DYNAMIC COMMENT='用户角色表';

-- ----------------------------
-- Records of sys_user_role
-- ----------------------------
INSERT INTO `sys_user_role` VALUES ('b3ffd9311a1ca296c44e2409b547384f', '01b802058ea94b978a2c96f4807f6b48', '1');
INSERT INTO `sys_user_role` VALUES ('f2922a38ba24fb53749e45a0c459adb3', '439ae3e9bcf7418583fcd429cadb1d72', '1');
INSERT INTO `sys_user_role` VALUES ('ee45d0343ecec894b6886effc92cb0b7', '4d8fef4667574b24a9ccfedaf257810c', 'f6817f48af4fb3af11b9e8bf182f618b');
INSERT INTO `sys_user_role` VALUES ('1231590533484253186', 'e9ca23d68d884d4ebb19d07889727dae', 'f6817f48af4fb3af11b9e8bf182f618b');

-- ----------------------------
-- Table structure for weixin_account
-- ----------------------------
DROP TABLE IF EXISTS `weixin_account`;
CREATE TABLE `weixin_account` (
  `id` varchar(32) NOT NULL COMMENT '主键',
  `account_name` varchar(255) DEFAULT NULL COMMENT '微信公众号名称',
  `account_type` int(11) DEFAULT '0' COMMENT '0服务号 1订阅号 2小程序 3企业号',
  `account_appid` varchar(255) DEFAULT NULL COMMENT '微信APPID',
  `account_appsecret` varchar(255) DEFAULT NULL COMMENT '微信APPSECRET',
  `account_wxid` varchar(255) DEFAULT NULL COMMENT '微信原始ID',
  `account_code` varchar(255) DEFAULT NULL COMMENT '内部编号',
  `is_enable` int(11) DEFAULT '0' COMMENT '是否启用',
  `create_by` varchar(32) DEFAULT 'guest' COMMENT '创建人',
  `create_time` datetime DEFAULT NULL COMMENT '创建时间',
  `update_by` varchar(50) DEFAULT NULL COMMENT '更新人',
  `update_time` datetime DEFAULT NULL COMMENT '更新时间',
  PRIMARY KEY (`id`)
) ENGINE=InnoDB DEFAULT CHARSET=utf8 COMMENT='微信公众账号表';

-- ----------------------------
-- Table structure for facedynamic_task
-- ----------------------------
DROP TABLE IF EXISTS `facedynamic_task`;
CREATE TABLE `facedynamic_task` (
  `id` varchar(32) NOT NULL,
  `user_id` varchar(255) DEFAULT NULL COMMENT '用户ID',
  `task_id` varchar(255) DEFAULT NULL COMMENT '任务ID',
  `video_url` varchar(1000) DEFAULT NULL COMMENT '视频地址',
  `expire_time` datetime DEFAULT NULL COMMENT '过期时间',
  `task_status` varchar(255) DEFAULT NULL COMMENT '任务状态',
  `video_status` varchar(255) DEFAULT NULL COMMENT '视频状态',
  `api_type` varchar(255) DEFAULT NULL COMMENT '接口类型',
  `finish_date` datetime DEFAULT NULL COMMENT '完成时间                                                                                                                                                                                                                                 ',
  `log_id` varchar(255) DEFAULT NULL COMMENT '百度日志ID',
  `error_code` varchar(255) DEFAULT NULL COMMENT '百度应答码',
  `error_msg` varchar(255) DEFAULT NULL COMMENT '百度应答信息',
  `create_by` varchar(32) DEFAULT NULL COMMENT '创建人登录名称',
  `create_time` datetime DEFAULT NULL COMMENT '创建日期',
  `update_by` varchar(32) DEFAULT NULL COMMENT '更新人登录名称',
  `update_time` datetime DEFAULT NULL COMMENT '更新日期',
  PRIMARY KEY (`id`)
) ENGINE=InnoDB DEFAULT CHARSET=utf8 COMMENT='人脸动态任务';
